ind,node,weekday_in_core,weekday_out_core,weekend_in_core,weekend_out_core,weekday_in_core_lvl,weekday_out_core_lvl,weekend_in_core_lvl,weekend_out_core_lvl,weekday_ksc_ent_in,weekday_ksc_ent_out,weekend_ksc_ent_in,weekend_ksc_ent_out
0,ADMIRALTY,8845,8436,5350,5185,0,0,0,0,0.9977138513722528,0.7714583894809576,0.9999465295043631,0.7791044892289394
1,AIRPORT ROAD,2153,2070,515,500,0,0,0,0,0.665974739819834,0.10054991708964445,0.6832951492414233,0.3244500972660298
2,ALEXANDRA HILL,14278,14023,8195,8136,1,1,1,1,0.6793490097988018,0.5301464344128792,0.8833984575136821,0.5212770596840517
3,ALEXANDRA NORTH,5717,6379,2838,2951,0,0,0,0,0.9867019090952768,0.5516726915956571,0.9279965627231067,0.6826445030808486
4,ALJUNIED,14278,14023,8195,8377,1,1,1,1,0.5246513167267928,0.6253707107635783,0.437138775109282,0.5364205629108846
5,ANAK BUKIT,14278,14023,8195,8136,1,1,1,1,0.8542054601658654,0.8888416025359508,0.9857303349486166,0.8355592524783815
6,ANCHORVALE,14278,14023,8195,8377,1,1,1,1,0.3762619925496245,0.18301321257730804,0.2944981287413069,0.1724784779568762
7,ANG MO KIO TOWN CENTRE,14278,14023,8195,8377,1,1,1,1,0.4726568912321089,0.9422221152097435,0.50991547917608,0.9265762967773955
8,ANSON,7101,9675,3378,4649,0,0,0,0,0.762435834816819,0.59491543552239,0.8499422759597833,0.6847443352518251
9,BALESTIER,14278,14023,8195,8377,1,1,1,1,0.47112865360714673,0.4329875476641923,0.47926797366843515,0.4182332679772431
10,BANGKIT,14278,14023,8195,8377,1,1,1,1,0.619931668287215,0.5392791741266983,0.5831546127998246,0.5441538209274374
11,BAYFRONT SUBZONE,12287,12143,8195,7874,0,0,1,1,0.41545248636038384,0.3937365988105321,0.5337071306978055,0.6135370132061969
12,BAYSHORE,7417,12587,4264,7385,0,0,0,0,0.03178733417226702,0.5398291069924027,0.08591429120176916,0.515857718241199
13,BEDOK NORTH,14278,14023,8195,8377,1,1,1,1,0.2785358411574754,0.36255732227079535,0.30302165417864585,0.3851730314617628
14,BEDOK RESERVOIR,14278,14023,8195,8377,1,1,1,1,0.20271596167833045,0.14794104128406865,0.23732925520897655,0.14073129391239325
15,BEDOK SOUTH,14278,14023,8195,8377,1,1,1,1,0.3609399352947492,0.4001697252085795,0.5192681743132997,0.32976751208851746
16,BENCOOLEN,12733,13384,8195,7782,0,0,1,1,0.7071827243442115,0.7557856920959557,0.41000721054851114,0.8071964850053571
17,BENDEMEER,14278,14023,8195,8377,1,1,1,1,0.517493708392747,0.4193175723419043,0.35233547664463905,0.6610650628562764
18,BENOI SECTOR,1852,1758,812,785,0,0,0,0,0.6711394209910764,0.9605800880788079,0.6500224216483542,0.9719829438515998
19,BIDADARI,12389,13414,6239,7019,0,0,0,0,0.38395296953422137,0.438368948723707,0.40811024402506246,0.4574365024125691
20,BISHAN EAST,14278,14023,8195,8377,1,1,1,1,0.396934231274294,0.6328054225473461,0.38318903223773254,0.6411314064864367
21,BOAT QUAY,11644,6418,6823,3701,0,0,0,0,0.7144253967332665,0.5018099750898407,0.6464533044535434,0.5457972221245831
22,BOON KENG,14278,14023,8195,8377,1,1,1,1,0.4075220812985022,0.23119738767279047,0.3278416176802539,0.2638333848090774
23,BOON LAY PLACE,14278,14023,8195,8377,1,1,1,1,0.3177203651065239,0.31455403546976873,0.2834005592154745,0.2759685265500528
24,BOON TECK,14017,13463,8195,7616,1,0,1,0,0.46892848901450584,0.3243306173712058,0.5912618667279675,0.4832034778961674
25,BOULEVARD,14278,14023,8195,8377,1,1,1,1,0.7318850496992992,0.571210892185024,0.880195190590005,0.5837956588011008
26,BRADDELL,12461,13524,6688,7726,0,1,0,1,0.8212417545686983,0.6046588022885521,0.9124599170389798,0.5766218544644495
27,BRAS BASAH,14278,14023,8195,8377,1,1,1,1,0.6943333899526938,0.6509821204120501,0.6939292695807826,0.6237909894223185
28,BRICKWORKS,12232,12688,7188,7390,0,0,0,0,0.20694712554163044,0.8560967830471339,0.16410175915076233,0.8559500364947737
29,BUGIS,14278,14023,8195,8377,1,1,1,1,0.7312195656600142,0.6608924357763233,0.6322959425809033,0.5981429160516983
30,BUKIT BATOK CENTRAL,14278,14023,8195,8136,1,1,1,1,0.8907549779429682,0.9697219676512426,0.9298462952732414,0.9606087369959845
31,BUKIT BATOK EAST,12232,13524,7364,7874,0,1,0,1,0.5344221433042429,0.5582667574082967,0.7187213046963301,0.5578156371305528
32,BUKIT BATOK SOUTH,14278,13524,8112,7753,1,1,1,1,0.59276075851765,0.3273801712014978,0.6638368522742573,0.3161811909294769
33,BUKIT BATOK WEST,13339,11571,8067,7080,1,0,1,0,0.5680145230526817,0.8552631265407094,0.585452828163744,0.8083417216593377
34,BUKIT HO SWEE,12215,13524,7304,7726,0,1,0,1,0.857383073627889,0.5214822665073903,0.9313806386014007,0.5189732260608403
35,BUKIT MERAH,14278,14023,8195,7874,1,1,1,1,0.6503695622702287,0.5319819907706393,0.7007011979531175,0.5218787298343994
36,CECIL,12875,13524,5321,5596,1,1,0,0,0.8349108828086128,0.6082495960917286,0.8187833427550305,0.6878822063451349
37,CENTRAL SUBZONE,14278,13524,7145,5902,1,1,0,0,0.8093094200397345,0.6614379307747813,0.8949175926718896,0.8923557156030953
38,CENTRAL WATER CATCHMENT,11796,11513,7193,7616,0,0,0,0,0.951631250583882,0.8717077000296781,0.9272160201879174,0.8067218672533408
39,CHANGI AIRPORT,14278,14023,8195,8377,1,1,1,1,0.6238129773692866,0.3684476866214977,0.6099837261579535,0.3347565274081079
40,CHANGI POINT,7675,6902,6195,6053,0,0,0,0,0.6852714186684808,0.6263293123174382,0.6016678346848497,0.5367958309329928
41,CHANGI WEST,8708,11727,4775,6362,0,0,0,0,0.7417968918951463,0.2219527347379834,0.8389548363978664,0.32217657525720395
42,CHATSWORTH,12733,13524,7466,7782,0,1,0,1,0.9271873211796643,0.7470637824472217,0.9268135849505109,0.6793538961471557
43,CHENG SAN,14278,14023,8195,8377,1,1,1,1,0.3763491443893359,0.6710296771117457,0.3083093316733919,0.5547884065564961
44,CHIN BEE,8806,3630,4142,1754,0,0,0,0,0.362320055499655,0.2478362256141973,0.3819119536301996,0.2875057316418136
45,CHINA SQUARE,14278,13524,8195,7726,1,1,1,1,0.5659490035997877,0.5349240699357999,0.4254506318963294,0.5174967874534493
46,CHINATOWN,14278,14023,8195,8377,1,1,1,1,0.5615074042973667,0.42378053893097156,0.5036429511620548,0.4119362351218152
47,CHOA CHU KANG CENTRAL,14278,14023,8195,8377,1,1,1,1,0.8286043426634657,0.924191669281347,0.8684045630259274,0.9570132673690943
48,CHOA CHU KANG NORTH,5475,5897,3068,3251,0,0,0,0,0.07795791683581778,0.9648545227392595,0.058711528428288653,0.046287933023429484
49,CHONG BOON,14278,14023,8195,8377,1,1,1,1,0.3034982242664554,0.5781262935458834,0.2360652022566698,0.5747983814856282
50,CITY HALL,14278,14023,8195,8377,1,1,1,1,0.7079213510275508,0.7682793928719437,0.5835900533101313,0.6911291902646104
51,CITY TERMINALS,10590,8907,5760,4649,0,0,0,0,0.5915231128071338,0.6311358299739052,0.568054779595911,0.7965503759265286
52,CLARKE QUAY,13435,14023,8112,8377,1,1,1,1,0.7532942618055728,0.8109495912127732,0.8914469729154482,0.7376295980038794
53,CLEMENTI CENTRAL,14278,14023,8195,8377,1,1,1,1,0.6974555610479402,0.9325489423162163,0.7874760694397464,0.9363580419504892
54,CLEMENTI NORTH,14278,14023,8195,8377,1,1,1,1,0.7578088180357571,0.5422397957746821,0.7244118698288923,0.7209727311554371
55,CLEMENTI WEST,13643,10296,8112,6144,1,0,1,0,0.38756511705435875,0.4511866056912411,0.4061250118532226,0.6084219055563086
56,CLEMENTI WOODS,14278,14023,8195,7874,1,1,1,1,0.36266633899607126,0.5922595660314813,0.5411754769991144,0.8600162786744723
57,CLIFFORD PIER,11749,11186,5012,5534,0,0,0,0,0.7344122827723365,0.5235899894331554,0.8107467762298061,0.6261881935051924
58,COMMONWEALTH,12981,14023,7591,8136,1,1,0,1,0.8964468534072207,0.5979354797363907,0.9959482142262324,0.532151694547002
59,COMPASSVALE,14278,14023,8195,8377,1,1,1,1,0.1906106847117841,0.3220393430630721,0.17492155466049272,0.3513361683540518
60,CORONATION ROAD,12981,14023,7591,7726,1,1,0,1,0.8800316942427084,0.5207742611899528,0.9952631308459254,0.5269616942775276
61,CRAWFORD,14278,14023,8195,8377,1,1,1,1,0.6411757809735993,0.5620917443767631,0.48050593785741064,0.5597050842676836
62,DAIRY FARM,12565,12581,6977,6816,0,0,0,0,0.2540207670601307,0.8308738819458042,0.7269586385489707,0.8453198926171128
63,DEFU INDUSTRIAL PARK,10231,10494,5418,6001,0,0,0,0,0.3525688814318616,0.2514219501059771,0.28318198577365017,0.3332397984153329
64,DEPOT ROAD,8751,8491,4648,4649,0,0,0,0,0.8787071801640574,0.4323238498547682,0.8890916191958055,0.43403521342246715
65,DHOBY GHAUT,14278,14023,8195,8377,1,1,1,1,0.7422648435494692,0.7316495352627659,0.7475881359776215,0.681195546154278
66,DOVER,14278,13747,8112,7723,1,1,1,1,0.3999041640520213,0.27871692375695045,0.7706856733403719,0.37275762989685685
67,DUNEARN,10321,13524,6144,7661,0,1,0,1,0.9464053394273331,0.4817355740032363,0.9807302378343153,0.5330614004619573
68,EVERTON PARK,14278,13524,8195,7726,1,1,1,1,0.509091047735359,0.6075229610233764,0.6164890134591643,0.5782983969220781
69,FABER,10077,10656,5267,5759,0,0,0,0,0.33429677450126866,0.581835454638444,0.3987878589576556,0.5189671711997865
70,FAJAR,13642,13907,8112,8136,1,1,1,1,0.32933852388050705,0.15804225255410786,0.2599218310025901,0.3029715210139983
71,FARRER COURT,12114,11801,6823,6817,0,0,0,0,0.8560990288552314,0.7224514651700981,0.9756569486766111,0.7712396561435014
72,FARRER PARK,14278,14023,8195,8377,1,1,1,1,0.744310168979835,0.31816257642008,0.8035629286097452,0.48715569815781773
73,FERNVALE,14278,14023,8195,8377,1,1,1,1,0.8336268194515596,0.5383541880847228,0.8027821695346841,0.5114328162599675
74,FLORA DRIVE,11142,11240,6079,6362,0,0,0,0,0.4238178405649056,0.46581457171233054,0.4960721635681345,0.41817133486012853
75,FORT CANNING,7950,8751,4745,5786,0,0,0,0,0.9937712344204125,0.6093229432162417,0.9973963694400576,0.5907855125105365
76,FRANKEL,14278,14023,8195,8377,1,1,1,1,0.41935419323987994,0.4086847205816497,0.42198352195239464,0.3662341258503124
77,GALI BATU,10890,10096,7193,7080,0,0,0,0,0.7842987316191254,0.976857779649387,0.8244274350280577,0.8733645778894309
78,GEYLANG BAHRU,14278,14023,8195,8377,1,1,1,1,0.4887955009072041,0.40577329539714513,0.39796998463967787,0.4291204565467832
79,GEYLANG EAST,14278,14023,8195,8377,1,1,1,1,0.34881119429124074,0.3461172244390461,0.36261266922289176,0.29615163941002587
80,GHIM MOH,9575,11186,5623,6656,0,0,0,0,0.5911564387429927,0.585903946391484,0.9002512860133685,0.46925085716347853
81,GOMBAK,13874,13524,8112,7874,1,1,1,1,0.5773960866809135,0.974659248136418,0.7785701368376469,0.9987323042873288
82,GOODWOOD PARK,7598,5988,4008,3384,0,0,0,0,0.5831026626347265,0.36269563936259347,0.5414962196528138,0.30745852083055075
83,GREENWOOD PARK,4242,4033,1290,2179,0,0,0,0,0.08678659373856254,0.7348032088125622,0.7178692442820334,0.499585231761979
84,GUILIN,13642,13524,8112,7782,1,1,1,1,0.9651151907421628,0.9499561186519718,0.9481409254254973,0.9179706169052525
85,GUL BASIN,1529,992,704,582,0,0,0,0,0.0,0.0,0.0,0.0
86,GUL CIRCLE,10096,11320,5216,6144,0,0,0,0,0.4201751290214329,0.26774410580110036,0.43859695040727564,0.27802540026817146
87,HENDERSON HILL,14278,14023,8195,8136,1,1,1,1,0.650864941007812,0.31315361000773106,0.7380906777403462,0.2955583721834425
88,HILLCREST,8505,10600,4228,5759,0,0,0,0,0.9998679574266394,0.6657351416836979,0.9967908618786542,0.7322575546686796
89,HILLVIEW,12981,13524,7591,7712,1,1,0,1,0.7855852118754094,0.7816701112794631,0.8196936002175955,0.6760848277173568
90,HOLLAND DRIVE,12981,13524,7591,7782,1,1,0,1,0.8304059170260619,0.42513426045546754,0.985314295993084,0.4793002931264152
91,HOLLAND ROAD,14278,14023,8112,8136,1,1,1,1,0.7672617276333255,0.47247119010423283,0.9942915605467789,0.566765627111148
92,HONG KAH,14278,14023,8195,8377,1,1,1,1,0.42303722173619196,0.4526483077538186,0.36859493542646143,0.37643067853601353
93,HONG KAH NORTH,12052,12942,6835,7425,0,0,0,0,0.6666501966196329,0.663182687643595,0.6318022323723741,0.6453003283265555
94,HOUGANG CENTRAL,14278,14023,8195,8377,1,1,1,1,0.29526621468929304,0.3703784355243186,0.24330532489818327,0.3668442906500118
95,HOUGANG EAST,14278,14023,8195,8377,1,1,1,1,0.1298944125192759,0.1564470949270061,0.11309783545618321,0.1482807365052496
96,HOUGANG WEST,14278,14023,8195,8377,1,1,1,1,0.30547256177420995,0.27455178741370245,0.2587543007463821,0.23851294113724794
97,INSTITUTION HILL,4799,4456,2996,2734,0,0,0,0,0.7298238708862422,0.5549013068757445,0.6215657269653581,0.6165895757256986
98,INTERNATIONAL BUSINESS PARK,7288,8099,2713,3328,0,0,0,0,0.39795990913385776,0.6558251878652609,0.4017586056781335,0.6679746429847129
99,ISTANA NEGARA,1796,1961,869,924,0,0,0,0,0.9408524052508438,0.5491208956605855,0.6735520973080596,0.5676016097644645
100,JELEBU,14278,14023,8195,8377,1,1,1,1,0.7355764760153571,0.9334401820640416,0.7841721983057726,0.9110809559881201
101,JOO KOON,12478,12925,7364,7008,0,0,0,0,0.8921257415331395,0.8690974897292321,0.9273814909015139,0.8272328323435375
102,JOO SENG,14278,14023,8195,7874,1,1,1,1,0.7879812549349688,0.5331889237089453,0.7780980875127949,0.4599249124509955
103,JURONG GATEWAY,14278,14023,8195,8377,1,1,1,1,0.7365749669552991,0.7491778398515719,0.6776066371257389,0.6728116683996629
104,JURONG PORT,2977,2686,1401,1350,0,0,0,0,0.16861804248031861,0.5355047807564618,0.11585817380519385,0.49455116656281023
105,JURONG RIVER,7116,3576,5177,2127,0,0,0,0,0.3713813554903599,0.1740227143756236,0.3132718443929975,0.12559865231747133
106,JURONG WEST CENTRAL,14278,14023,8195,8377,1,1,1,1,0.9308071678825964,0.9356239988500812,0.8348768120879055,0.8615648256782515
107,KAKI BUKIT,14278,14023,8195,8377,1,1,1,1,0.4843259224586154,0.3182646751375506,0.4326566817359635,0.3245900241228883
108,KALLANG BAHRU,14278,14023,8195,8377,1,1,1,1,0.5368176843678256,0.520826836764239,0.48201680940055525,0.2908304739239155
109,KALLANG WAY,12215,13524,5418,7360,0,1,0,0,0.3979514213305867,0.5987289061195169,0.4911694163181079,0.5150499312681927
110,KAMPONG BUGIS,12733,12587,8112,7726,0,0,1,1,0.6297346189618075,0.6303282366969098,0.6579025893349874,0.5871674020809736
111,KAMPONG GLAM,9575,9088,5760,5683,0,0,0,0,0.6423500850138779,0.5810186450285468,0.5773555049343524,0.6459503316602351
112,KAMPONG JAVA,14278,14023,8195,7990,1,1,1,1,0.6871566065160578,0.43037392912644234,0.553301838656079,0.46361100952367673
113,KAMPONG TIONG BAHRU,14085,13524,8195,7726,1,1,1,1,0.5097498573438211,0.387256869137535,0.5297834599821774,0.415185940873977
114,KAMPONG UBI,14278,14023,8195,8377,1,1,1,1,0.3411905787121113,0.3195226821153601,0.30738974229586036,0.30333200254988824
115,KANGKAR,14278,14023,8195,8377,1,1,1,1,0.20614331003797776,0.5467613943451793,0.14744176119915783,0.4983409958329118
116,KATONG,14278,13942,8195,8074,1,1,1,1,0.5395483182196732,0.3129745188054518,0.5239048921599072,0.27822807618163165
117,KEAT HONG,13515,9559,8112,5679,1,0,1,0,0.518767954542895,0.8199536327534853,0.5180099239402213,0.7599582029544902
118,KEBUN BAHRU,14278,12669,8195,7616,1,0,1,0,0.31086966888803497,0.6343143874407725,0.3417396689195362,0.6141803018143795
119,KEMBANGAN,14278,14023,8195,8377,1,1,1,1,0.41110753042792797,0.11134283094442238,0.35918595092014577,0.10484807253121231
120,KENT RIDGE,8112,8609,3238,3135,0,0,0,0,0.6997575253640758,0.5164086648732654,0.7556210492115142,0.8433431324566387
121,KHATIB,14278,14023,8195,8377,1,1,1,1,0.9798272551186845,0.7465241463922084,0.9645591714665429,0.5854251404154023
122,KIAN TECK,8584,5656,4429,3153,0,0,0,0,0.8030175627499823,0.8588644533976056,0.8697420796036148,0.8856119081938023
123,KIM KEAT,5993,9863,3447,5902,0,0,0,0,0.5934257961901036,0.15105741175271695,0.876650496482747,0.5582432035855875
124,KOVAN,14278,14023,8195,8377,1,1,1,1,0.31865038175156046,0.2948668596962186,0.30124804019378953,0.27836927625366836
125,KRANJI,9113,7703,6359,4843,0,0,0,0,0.9872390957306606,0.7991617509120611,0.9975263347868364,0.3595401813973082
126,LAKESIDE,14278,13524,8195,8136,1,1,1,1,0.7621500314705003,0.5522124542838635,0.7005149461299496,0.4425815117868801
127,LAVENDER,14278,14023,8195,8377,1,1,1,1,0.6719849392241294,0.48279502452282796,0.5390439839901969,0.4210733307782327
128,LEEDON PARK,12733,13524,7591,7726,0,1,0,1,0.8479000952364967,0.8408633788022613,0.9998876050408839,0.8303196176415565
129,LEONIE HILL,6902,6052,3804,3326,0,0,0,0,0.8517114283773215,0.9977428163532546,0.8678343612760772,0.9735929291866847
130,LIM CHU KANG,1506,1858,1391,1340,0,0,0,0,0.8807567312995997,0.9582126143361707,0.9190799921239589,0.9754949699769387
131,LITTLE INDIA,4702,4396,3223,3239,0,0,0,0,0.6061101960443548,0.7150228899076676,0.7870348229840488,0.7500334477241666
132,LIU FANG,3492,3576,1815,1743,0,0,0,0,0.5179377817954277,0.4307854910470048,0.4679485398606048,0.3639978766681833
133,LORONG 8 TOA PAYOH,12776,12195,7591,7019,1,0,0,0,0.777691230120385,0.8417713571167539,0.709034882738756,0.8625334322363063
134,LORONG AH SOO,14278,14023,8195,8377,1,1,1,1,0.2520460306140484,0.2655678000772422,0.2012166928689946,0.27189187593058556
135,LORONG CHUAN,12461,12195,6850,6634,0,0,0,0,0.5552451383457858,0.6305684921382488,0.5110348230129687,0.5813458405504076
136,LORONG HALUS,1139,763,649,352,0,0,0,0,0.19573420016725726,0.9823702633201367,0.10333461428436935,0.974434003899354
137,LOWER SELETAR,8453,12785,4956,7726,0,0,0,1,0.9864285514450841,0.28855527202241,0.9681256736554471,0.2613013556018482
138,LOYANG EAST,4147,5846,1963,3518,0,0,0,0,0.898907798311795,0.4237782871992648,0.8024210594023422,0.37500196108740996
139,LOYANG WEST,8281,4851,4212,1925,0,0,0,0,0.5345287932970262,0.9047782640044489,0.5462351600202064,0.9864003483727853
140,MACKENZIE,7539,8799,5143,5814,0,0,0,0,0.7618201095728819,0.8625597657199641,0.4929633768848195,0.9857803559171259
141,MACPHERSON,14278,14023,8195,8377,1,1,1,1,0.5308129118951904,0.3500809722269129,0.42694596344481495,0.5792904588073086
142,MALCOLM,13642,13524,7647,7534,1,1,1,0,0.6862534998287491,0.5385690308500682,0.6725638446968366,0.574784275854267
143,MANDAI EAST,6777,4723,4296,3085,0,0,0,0,0.8395155405971395,0.9471967921376496,0.7645061440813952,0.9455065759939202
144,MANDAI ESTATE,3703,2423,2299,1419,0,0,0,0,0.8533542120738051,0.7533252019593344,0.8125252418172083,0.79693770226014
145,MANDAI WEST,2063,1403,1187,762,0,0,0,0,0.5349084419605795,0.9998725685271748,0.7981116876463101,0.9999955731051079
146,MARGARET DRIVE,12733,13524,7377,7726,0,1,0,1,0.7146832468729327,0.7253218588144601,0.9818537746043386,0.6069264648294671
147,MARINA CENTRE,14278,13942,8195,8377,1,1,1,1,0.7998011300318042,0.698168726453196,0.7070159569375242,0.6013123269088989
148,MARINA SOUTH,633,576,517,456,0,0,0,0,0.8588193275960532,0.998788132438055,0.0,0.0
149,MARINE PARADE,14278,14023,8195,8377,1,1,1,1,0.6633442420070415,0.6277919840500933,0.6392088292320748,0.5232335845701558
150,MARITIME SQUARE,14278,14023,8195,8377,1,1,1,1,0.7978784608894715,0.7421560408188461,0.7440568316544266,0.7768891525374924
151,MARYMOUNT,14278,14023,8195,8377,1,1,1,1,0.5144559873357363,0.6022888255365357,0.5442278607313379,0.6258784071383686
152,MATILDA,14278,14023,8195,8377,1,1,1,1,0.6224207955232139,0.6838478743737536,0.6679989768442677,0.6625468686510699
153,MAXWELL,2545,1526,1752,1004,0,0,0,0,0.4643176901630859,0.995948375560925,0.35504392961185643,0.9863165824606596
154,MEI CHIN,14278,14023,8195,8136,1,1,1,1,0.8400756354396581,0.3985811531711518,0.9968773567455864,0.40225116618393253
155,MIDVIEW,11312,12290,6470,7087,0,0,0,0,0.4520154907465897,0.5410035788735451,0.40203542205166665,0.4069291394825169
156,MONK'S HILL,2314,1670,1152,863,0,0,0,0,0.9136603332180568,0.46728735834234425,0.9909410771747917,0.4331177599388957
157,MOULMEIN,14278,14023,8195,8377,1,1,1,1,0.5430397164776694,0.45453164664338996,0.536923775787822,0.5059536318995468
158,MOUNT PLEASANT,9666,9236,4879,4459,0,0,0,0,0.8933367275180447,0.624231123532602,0.8519877067107652,0.7240366972979444
159,MOUNTBATTEN,11749,12587,6711,7385,0,0,0,0,0.48746837225214307,0.6982330352898266,0.4536356340650711,0.43155649362198634
160,NASSIM,13642,14023,8112,8136,1,1,1,1,0.5983208650098305,0.42590607411111586,0.7710758273543645,0.39030571025765476
161,NATIONAL UNIVERSITY OF S'PORE,14278,14023,7364,7566,1,1,0,0,0.390794312027987,0.5337729699284159,0.5448155713820158,0.6357776883864225
162,NATURE RESERVE,12232,12581,6977,7173,0,0,0,0,0.8325635746641913,0.7911840823286933,0.8495579325007252,0.7967140396007152
163,NEE SOON,5142,4321,3049,2356,0,0,0,0,0.7739894589113415,0.935448298011295,0.7432956689688656,0.9743983136365308
164,NEWTON CIRCUS,14278,14023,8195,8221,1,1,1,1,0.7262269237683644,0.7324597412999321,0.677183805766008,0.6678962520438497
165,NORTH COAST,13515,12781,8112,7874,1,0,1,1,0.8514152090370717,0.9911558517272242,0.8592848775514479,0.5535831641803448
166,NORTHLAND,8453,10710,4888,6238,0,0,0,0,0.7769217692222816,0.8407575206273425,0.7637099807035664,0.7981365423430421
167,NORTHSHORE,3965,4013,3361,3629,0,0,0,0,0.8366746072672617,0.5652038223733135,0.7391077556114957,0.4386862316753428
168,ONE NORTH,14278,14023,8112,7782,1,1,1,1,0.7936218320233189,0.7920088403690753,0.9644804084527324,0.7969660784843781
169,ONE TREE HILL,8415,8818,5012,5291,0,0,0,0,0.9459279735284318,0.7525855669395276,0.9435286993542933,0.7852029208174283
170,ORANGE GROVE,2555,1448,1701,826,0,0,0,0,0.18536880365104785,0.44387208447391896,0.35746725489091186,0.3131950471154111
171,OXLEY,3335,3718,2228,2511,0,0,0,0,0.8748211448967909,0.9590652007866002,0.9088477591432456,0.8492430788058647
172,PANDAN,6272,4380,2607,1895,0,0,0,0,0.6095663917012835,0.26557602748421333,0.7239830515191771,0.29666919701699496
173,PANG SUA,1606,1556,602,566,0,0,0,0,0.914891542072788,0.9989480137783907,0.9536518221880843,0.9996349529626211
174,PASIR PANJANG 1,14278,13524,8195,7644,1,1,1,0,0.5204933293927461,0.9096187810194252,0.5283133735525701,0.9934915543609986
175,PASIR PANJANG 2,11796,13524,4866,5827,0,1,0,0,0.35154991976746736,0.859040744633898,0.36952616950746436,0.8807802063180433
176,PASIR RIS CENTRAL,14278,14023,8195,8377,1,1,1,1,0.5461017615026065,0.741816641423236,0.5320973868919754,0.7428186201482355
177,PASIR RIS DRIVE,14278,14023,8195,8377,1,1,1,1,0.5102415727152242,0.29010023670106966,0.5082128673135238,0.2867586112070185
178,PASIR RIS PARK,5506,8116,3433,5388,0,0,0,0,0.07822143742408902,0.7310635919730267,0.07439467861002744,0.6017517662086372
179,PASIR RIS WAFER FAB PARK,6813,2858,3991,1620,0,0,0,0,0.6771555983151519,0.3437453386762899,0.6389649010294385,0.42738914247005017
180,PASIR RIS WEST,14278,14023,8195,8377,1,1,1,1,0.3829219702560939,0.4660142453326147,0.4167340607169976,0.5093307064900033
181,PATERSON,7417,10398,5717,6817,0,0,0,0,0.8253855684341249,0.9494106198735037,0.6942280538660615,0.9416894815199968
182,PAYA LEBAR EAST,2333,2627,1125,1261,0,0,0,0,0.0009628635086423359,0.8878734149334455,0.17707320909798702,0.8630635946204891
183,PAYA LEBAR NORTH,6518,5620,4225,3540,0,0,0,0,0.3114393543261401,0.6897777637913856,0.33028113000346493,0.5332867012261884
184,PAYA LEBAR WEST,1972,1506,731,570,0,0,0,0,0.34820781817235597,0.8738007694207074,0.3784510236420387,0.8350543639731615
185,PEARL'S HILL,12981,13524,7591,8136,1,1,0,1,0.642822228134759,0.6195880394617467,0.6734380159549778,0.6217292102713967
186,PEI CHUN,4702,8081,2771,4649,0,0,0,0,0.11159001153402638,0.679017766399848,0.5485834359075237,0.6789485067300445
187,PENG SIANG,13435,9559,8112,5679,1,0,1,0,0.3925904678800402,0.6780762349261333,0.40117095325161234,0.623109534646724
188,PENJURU CRESCENT,2619,3576,1307,1775,0,0,0,0,0.028211320164395152,0.20396204037214075,0.021783846525815467,0.29278802414007765
189,PEOPLE'S PARK,14278,14023,8195,8377,1,1,1,1,0.6425945165179738,0.4179176451369749,0.7878218763298802,0.4119751228291574
190,PHILLIP,2052,220,643,44,0,0,0,0,0.7127884685516956,0.0,0.5797636754064797,0.0
191,PIONEER SECTOR,958,1340,538,734,0,0,0,0,0.0,0.0,0.0,0.0
192,PLAB,2144,3725,807,1700,0,0,0,0,0.8434423890096427,0.5212537069055718,0.8132128178233993,0.7914749760394841
193,PORT,12114,10755,5717,6144,0,0,0,0,0.5935688321454919,0.9631326501110333,0.6823699717920393,0.986399524648635
194,POTONG PASIR,14278,13524,8195,7616,1,1,1,0,0.6853255440342043,0.552204534530314,0.6309220517652046,0.9489334695702053
195,PUNGGOL FIELD,14278,14023,8195,8377,1,1,1,1,0.5428555471358035,0.45638793949074286,0.5316745861616745,0.4974581824070385
196,PUNGGOL TOWN CENTRE,12227,12781,7065,7596,0,0,0,0,0.2975573015076302,0.25148841538364275,0.35992949998164814,0.3272978744182434
197,QUEENSWAY,9575,11513,5012,6817,0,0,0,0,0.9281666994256269,0.5820564970260155,0.7318319148449063,0.5555980827054712
198,RAFFLES PLACE,12758,13524,4728,5354,0,1,0,0,0.5969090874368443,0.4868985004636279,0.5683286893394095,0.4817019415290839
199,REDHILL,14278,14023,8195,8136,1,1,1,1,0.8917024853008396,0.3859636520759766,0.8670064174861846,0.37099526283676487
200,RESERVOIR VIEW,2001,1858,1143,1198,0,0,0,0,0.8494780782408783,0.9924177046306608,0.909621080627755,0.9268708836615731
201,RIDOUT,9541,9675,5717,5525,0,0,0,0,0.972329119167362,0.5768755074411193,0.9974492423085478,0.6001094973796333
202,RIVERVALE,14278,14023,8195,8377,1,1,1,1,0.3979744989729206,0.2540372259880918,0.41919015368294493,0.18898620812684988
203,ROBERTSON QUAY,12565,11966,7377,7081,0,0,0,0,0.8787723588854992,0.5711298382889913,0.9474968681831605,0.6147951684682958
204,ROCHOR CANAL,9073,8751,5514,5505,0,0,0,0,0.5413470466438862,0.500807976639278,0.6462876140832036,0.4706316603711091
205,SAFTI,796,2771,431,1366,0,0,0,0,0.0,0.16143300511431652,0.0,0.25196965655267406
206,SAMULUN,1689,856,749,449,0,0,0,0,0.227825273551371,0.4198018235726857,0.2374824333346043,0.38932561445155894
207,SAUJANA,13642,13907,8112,8136,1,1,1,1,0.1863975394251941,0.19296394809214815,0.19357479753402185,0.28347667415016775
208,SELEGIE,7244,6603,4377,3917,0,0,0,0,0.7487529854656835,0.3589915911548028,0.8041619555983845,0.48115081404005616
209,SELETAR,7844,8436,4650,4893,0,0,0,0,0.862190096223084,0.7608954871656021,0.828589084391579,0.6199891555031859
210,SELETAR AEROSPACE PARK,3633,3741,1597,1721,0,0,0,0,0.9999961863587903,0.9295686679749845,0.9999939902340276,0.8844876972122473
211,SELETAR HILLS,10321,8213,5075,4389,0,0,0,0,0.3444048198156278,0.4761650372514842,0.21286226902898708,0.5069392489266132
212,SEMBAWANG CENTRAL,14278,14023,8195,8377,1,1,1,1,0.8359303937529982,0.9188078981513976,0.8580963802183248,0.954929528006822
213,SEMBAWANG EAST,4242,5891,2459,3707,0,0,0,0,0.9371711594993031,0.8179097854856606,0.9328220705855241,0.665237541524853
214,SEMBAWANG HILLS,10022,8436,5535,5022,0,0,0,0,0.5621738524697323,0.9413731109418607,0.5945087580287266,0.8799854983554234
215,SEMBAWANG NORTH,10221,8436,6239,4927,0,0,0,0,0.5175267738031184,0.5543537257357867,0.5962528632511611,0.5372402013598901
216,SEMBAWANG SPRINGS,8845,8436,5449,5185,0,0,0,0,0.8977725804214758,0.9867451527451195,0.9167047586231505,0.9674138575365911
217,SEMBAWANG STRAITS,1309,1753,1069,1511,0,0,0,0,0.7683670328555713,0.8590192228071287,0.7534060425354867,0.8281580630054056
218,SENGKANG TOWN CENTRE,14278,14023,8195,8377,1,1,1,1,0.3697348684404612,0.33728041106142376,0.32432582987032305,0.31834670606543
219,SENGKANG WEST,2455,2772,1570,1562,0,0,0,0,0.717377728780087,0.47604616563504276,0.6996912094802703,0.44297984273257424
220,SENJA,14092,13942,8112,8136,1,1,1,1,0.703062021064469,0.29782139238194694,0.8389551334247826,0.33412118518463135
221,SENNETT,14278,13524,8195,7569,1,1,1,0,0.49776536670015575,0.6927538365659771,0.42177541906337385,0.6735906988106839
222,SENOKO NORTH,4607,5377,2713,2970,0,0,0,0,0.8428770282195835,0.964692171139417,0.807189132138817,0.997749628472493
223,SENOKO SOUTH,7180,7718,3213,3743,0,0,0,0,0.7089284278716051,0.43877028447365246,0.8261232601015799,0.4835210454727764
224,SENOKO WEST,4607,6391,2713,3786,0,0,0,0,0.7584185493210839,0.8726303745403935,0.6842769089869242,0.8166517603888857
225,SENTOSA,2906,1560,2332,1740,0,0,0,0,0.6142427919792115,0.6989222952581879,0.7119026683331872,0.593767639908312
226,SERANGOON CENTRAL,14278,14023,8195,8377,1,1,1,1,0.38760152841168444,0.4793558000296304,0.35369868853003783,0.4809699476645016
227,SERANGOON GARDEN,14278,14023,8195,8377,1,1,1,1,0.25281303365727154,0.3623498403246263,0.23928621606469525,0.366383091134472
228,SERANGOON NORTH,14278,14023,8195,7726,1,1,1,1,0.2527235823042435,0.46990078838610105,0.20854630538028798,0.4606453047850148
229,SERANGOON NORTH IND ESTATE,10037,8361,4225,3510,0,0,0,0,0.15412898187273505,0.3644803988544498,0.14502665138313375,0.36463387602490044
230,SHANGRI-LA,14278,12669,8195,7616,1,0,1,0,0.4682550110219275,0.8476933887178295,0.48064922557404605,0.7933214220434623
231,SHIPYARD,1538,1758,704,785,0,0,0,0,0.9595953068016316,0.572391704321434,0.9336264084972052,0.6513858837314547
232,SIGLAP,5980,12587,3577,7402,0,0,0,0,0.39020550928473274,0.4545630514126349,0.4455840707334352,0.41756782663131625
233,SIMEI,14278,14023,8195,8377,1,1,1,1,0.31940533194563475,0.48480383543887534,0.5241685006930196,0.5118783769375698
234,SINGAPORE GENERAL HOSPITAL,14278,14023,8112,8136,1,1,1,1,0.4374951147753034,0.39729899416566156,0.5412541196811872,0.4506102417312045
235,SINGAPORE POLYTECHNIC,14278,14023,8112,7782,1,1,1,1,0.4388851861950938,0.6687086316928371,0.5495031732189214,0.7700073979312597
236,SOMERSET,14278,14023,8195,8377,1,1,1,1,0.7797578414298632,0.628304586883803,0.7830205160740729,0.6202474815889284
237,SPRINGLEAF,8257,4950,4585,2915,0,0,0,0,0.7485525731335729,0.763448470424613,0.8445867611837542,0.7340728414989495
238,STRAITS VIEW,2678,3191,1932,2421,0,0,0,0,0.966359322743071,0.24636298810031143,0.943705605508325,0.9936363639572068
239,SUNGEI ROAD,12630,12925,8195,7782,0,0,1,1,0.5751855978234695,0.8191644801594392,0.586832225824285,0.6108372932833345
240,SUNSET WAY,7640,5888,4169,2960,0,0,0,0,0.6256194889953062,0.7232315815482905,0.7588992239719303,0.8514044424915003
241,SWISS CLUB,12461,12581,6835,7390,0,0,0,0,0.7227186378362649,0.8602122332577975,0.9096892871585942,0.8080445901869653
242,TAGORE,11628,9083,6239,5145,0,0,0,0,0.8116137083380764,0.7404673668905202,0.8432842702879733,0.7225323195811038
243,TAI SENG,14278,14023,8195,7782,1,1,1,1,0.2803085423844077,0.2821698366190002,0.23673320503772494,0.2922532388219985
244,TAMAN JURONG,14278,14023,8195,8377,1,1,1,1,0.4692164369890124,0.6854690982973429,0.3692516654404028,0.5266414978431236
245,TAMPINES EAST,14278,14023,8195,8377,1,1,1,1,0.7396883497333138,0.6020289884406201,0.7423086245993598,0.5773841133296044
246,TAMPINES NORTH,6777,9253,4249,5666,0,0,0,0,0.5156355631283489,0.11320222074404743,0.4162626300263733,0.13918374268455055
247,TAMPINES WEST,14278,14023,8195,8377,1,1,1,1,0.2466444943597167,0.40700227698043406,0.23949690687072187,0.3421105601065226
248,TANGLIN,2505,2776,1358,1478,0,0,0,0,0.9316054866335001,0.6852377112174513,0.9618676870799749,0.7550875071884792
249,TANGLIN HALT,12981,13524,7591,7726,1,1,0,1,0.9233283493891794,0.7568483048783787,0.9312751019373948,0.7539701537493401
250,TANJONG PAGAR,11945,12925,4426,5154,0,0,0,0,0.37659393603430963,0.47597807655641444,0.36397502111450475,0.7876195126402799
251,TANJONG RHU,12224,12587,7092,7726,0,0,0,1,0.7371333371453006,0.6558047725891071,0.6798501937271906,0.3899947319904386
252,TEBAN GARDENS,14278,13524,8195,7874,1,1,1,1,0.5463202741104174,0.6127427807775138,0.45021119743153515,0.6287729705402233
253,TECK WHYE,14278,14023,8195,8377,1,1,1,1,0.4967431354574963,0.823562432366408,0.5503231231528865,0.7685761351546536
254,TELOK BLANGAH DRIVE,14278,13524,8195,7874,1,1,1,1,0.6241529246025189,0.4499950316747491,0.6366196728330128,0.46121710579906855
255,TELOK BLANGAH RISE,12981,13524,7858,7726,1,1,1,1,0.687697536499152,0.3958646461828274,0.7434985869925144,0.45781293719049093
256,TELOK BLANGAH WAY,8830,13524,5103,7712,0,1,0,1,0.5578795576637594,0.28613878574864704,0.6026869162913127,0.2909683596453633
257,TENGAH,5099,4389,2908,2491,0,0,0,0,0.859724069572034,0.8659011124840221,0.8120557680808619,0.7161708356391476
258,TENGEH,536,622,326,360,0,0,0,0,0.0,0.0,0.0,0.0
259,THE WHARVES,1273,2971,900,2124,0,0,0,0,0.9904087042046159,0.957111648884291,0.9882079923123736,0.7831313405746233
260,TIONG BAHRU,12981,13524,7913,7726,1,1,1,1,0.5811228443202565,0.3733961273127441,0.6528867636646188,0.38715335983072785
261,TIONG BAHRU STATION,14278,14023,8195,8377,1,1,1,1,0.8562777516512667,0.3821158806619751,0.8636063742621272,0.399557499619915
262,TOA PAYOH CENTRAL,14278,14023,8195,8377,1,1,1,1,0.862226390315991,0.8917702200299237,0.927146943521151,0.9530196606129463
263,TOA PAYOH WEST,14278,14008,8195,7990,1,1,1,1,0.5058149105210082,0.8960928486817192,0.4835179463390194,0.9078182443115186
264,TOH GUAN,13515,13524,8112,7726,1,1,1,1,0.6213184160198258,0.6978132633541766,0.613857057850802,0.6953361424144733
265,TOH TUCK,12461,12581,6835,6873,0,0,0,0,0.24999980730931134,0.10486711813656162,0.20410405366742068,0.18411467731771247
266,TOWNSVILLE,14278,14023,8195,8377,1,1,1,1,0.37849253920665366,0.8958689975076781,0.3237293033474897,0.8566224057181266
267,TRAFALGAR,14278,14023,8195,8377,1,1,1,1,0.4456367005569271,0.25920637273486535,0.3166810223805028,0.2178106437383735
268,TUAS BAY,7266,5917,3959,3726,0,0,0,0,0.3234509480547344,0.37906867714065823,0.3354712870998718,0.2689281547431503
269,TUAS NORTH,7316,6244,3959,3726,0,0,0,0,0.8793307758077616,0.8732438643017008,0.9166810859072358,0.909239867690064
270,TUAS PROMENADE,5617,5605,3085,3726,0,0,0,0,0.4582986396238986,0.3302537384807244,0.509647132826026,0.2737279815364469
271,TUAS VIEW,2515,2258,1932,1366,0,0,0,0,0.0,0.0,0.0,0.0
272,TUAS VIEW EXTENSION,1251,1184,1039,872,0,0,0,0,0.0,0.0,0.0,0.0
273,TUKANG,6794,3576,3067,1825,0,0,0,0,0.6294488172500284,0.6396660500297334,0.6130149005197503,0.611697252643939
274,TURF CLUB,13515,12781,8112,7874,1,0,1,1,0.7401000482773312,0.7333946990868263,0.7452827797577354,0.946739039480029
275,TYERSALL,12981,13942,7591,7874,1,1,0,1,0.8997494246569934,0.39398834368522,0.9502292506407113,0.4087363499766938
276,ULU PANDAN,9541,4693,5542,2557,0,0,0,0,0.9987153196718256,0.761568648407464,0.9034783890873239,0.7065195422070845
277,UPPER PAYA LEBAR,14278,13524,8195,7782,1,1,1,1,0.28188696398818475,0.46331824616344136,0.24347522330126484,0.5468273520107136
278,UPPER THOMSON,14278,14023,8195,8377,1,1,1,1,0.7060771625248968,0.7657555793848935,0.7164637259161017,0.7381012389963661
279,VICTORIA,14278,14023,8195,8377,1,1,1,1,0.5185577351896645,0.7237588763898405,0.5031374445873373,0.6717865516553382
280,WATERWAY EAST,14278,14023,8195,8275,1,1,1,1,0.45544121739539684,0.25847716702852735,0.4418440616256645,0.2179509847727199
281,WENYA,7792,7588,4108,4190,0,0,0,0,0.5862728211590422,0.18162878173202485,0.4653012823026137,0.15506848806973186
282,WEST COAST,8452,4926,4381,2765,0,0,0,0,0.30587322590655297,0.3978602068380788,0.4128668603598113,0.5350812826241217
283,WESTERN WATER CATCHMENT,7792,8100,4522,4505,0,0,0,0,0.09797109051328927,0.5815955745820665,0.12296987013643955,0.5004467153784229
284,WOODGROVE,7251,12781,4451,7874,0,0,0,1,0.6304036929479272,0.9949550161891241,0.5848634585247021,0.6136230879804153
285,WOODLANDS EAST,14278,14023,8195,8377,1,1,1,1,0.9794142141753467,0.9990091588400513,0.9050165191722019,0.9199748004866743
286,WOODLANDS REGIONAL CENTRE,14278,14023,8195,8377,1,1,1,1,0.9724548295434833,0.9689536884614591,0.9321146710852323,0.9244403725174662
287,WOODLANDS SOUTH,6777,10897,3597,6380,0,0,0,0,0.3441928460050385,0.5911470341019655,0.2617028499341898,0.3373983714016291
288,WOODLANDS WEST,14278,14023,8195,8377,1,1,1,1,0.8586786970088315,0.9456075870861187,0.8832071412490287,0.37494135695676334
289,WOODLEIGH,9851,5625,5284,3060,0,0,0,0,0.6376319075852384,0.9564741240839006,0.4367040405987629,0.9273679347580188
290,XILIN,14278,14023,7579,7726,1,1,0,1,0.7968839877337442,0.23473142093193708,0.8494648407777011,0.2315707852193657
291,YEW TEE,13435,13414,8112,7874,1,0,1,1,0.9999979919659331,0.9861570167560492,0.9832676129553867,0.9518383292078233
292,YIO CHU KANG,14278,14023,8195,8218,1,1,1,1,0.8030050317130007,0.9919244074993699,0.846230296995061,0.9985417150897805
293,YIO CHU KANG EAST,10927,9068,3991,3645,0,0,0,0,0.2510685993001154,0.5028702780675762,0.45469322499763914,0.5033618440569654
294,YIO CHU KANG NORTH,4381,9906,1859,4967,0,0,0,0,0.9657080811598845,0.48707993481207096,0.9520721449442153,0.4696819050049914
295,YIO CHU KANG WEST,14278,12669,8195,7616,1,0,1,0,0.4634424604726626,0.8550951258968147,0.43838150511270463,0.8211186968657702
296,YISHUN CENTRAL,14278,14023,8195,8377,1,1,1,1,0.9012375583208537,0.998236036021419,0.9219311800643857,0.9943963660935103
297,YISHUN EAST,10321,12575,6239,7596,0,0,0,0,0.8978595563372125,0.569053032031394,0.8632148026745613,0.4751727260915929
298,YISHUN SOUTH,10321,14023,6239,8377,0,1,0,1,0.9044923716068451,0.8279885489629777,0.8733998800025745,0.6464440018721236
299,YISHUN WEST,14278,14023,8195,8377,1,1,1,1,0.9670751098570327,0.9897956066944636,0.9553836569376774,0.9780671513070779
300,YUHUA EAST,14278,14023,8195,8136,1,1,1,1,0.503213385533515,0.5484961272353562,0.4590189434232303,0.47377958701035666
301,YUHUA WEST,14278,14023,8112,8136,1,1,1,1,0.3036397987158959,0.5694015551536303,0.32465807051758383,0.49158268163533597
302,YUNNAN,14278,14023,8112,8232,1,1,1,1,0.5539685630713476,0.5656722355424155,0.44806994460213967,0.4571134295486651
