node,in_degree_weekday,out_degree_weekday,PageRank_weekday,HITS_hub_weekday,HITS_authority_weekday,in_degree_weekend,out_degree_weekend,PageRank_weekend,HITS_hub_weekend,HITS_authority_weekend
ADMIRALTY,0.08502713635098572,0.06408807996660475,0.09508095839020268,0.00860115629436575,0.008298072650391087,0.10221964833835527,0.07709034838054175,0.10644399122645769,0.018868030159992912,0.020532365214944247
AIRPORT ROAD,0.011361252001380252,0.011493265784543778,0.009982211427353647,0.004665546917889804,0.0035647300165331285,0.00047995043777111996,0.001953900963273175,0.00028953371449798554,0.0007516235142715531,0.0005188734883730975
ALEXANDRA HILL,0.22882759529356045,0.18648655488661425,0.2519061136244831,0.004467308140170504,0.006607181931963633,0.22077556889023298,0.16554263086251703,0.2522286875349417,0.00905119163553777,0.01410476815420467
ALEXANDRA NORTH,0.01615730928591101,0.026450037364914743,0.016741132327295166,0.0005685394469798473,0.0003126533299015008,0.01095886832910724,0.015611668696552667,0.011659743937682217,0.0007625294561899696,0.0005512953180825389
ALJUNIED,0.5856133372531414,0.5365959482100671,0.5300930498015572,0.1236706308875633,0.1724109298379242,0.6782387777915179,0.6412144471437224,0.6207366219823318,0.20023055796855074,0.28995997728499
ANAK BUKIT,0.256858266146644,0.2813878648766389,0.26820296326034093,0.011186039887815698,0.008155123099168937,0.20611618473684146,0.20990220725678818,0.2354747692529283,0.0181790488281731,0.017066781348161766
ANCHORVALE,0.18971027182204614,0.18383199665137567,0.14589053615764674,0.058801336065490664,0.0709513953602885,0.1748460261042431,0.18133348855990986,0.13855481523186208,0.07771678391735527,0.08690107345422646
ANG MO KIO TOWN CENTRE,0.4218620809943388,0.43873462038497807,0.3721951050329658,0.041164118400427524,0.03806752778739766,0.476597314644651,0.4803165645210663,0.44615863175290926,0.0627315221221465,0.06416264547210293
ANSON,0.023554950494043818,0.03371037584440726,0.03787873334722598,0.0032456201483487927,0.0009462823352115555,0.01569209383684052,0.01992653332378093,0.028980592175240495,0.002469137666103104,0.0013370370348359422
BALESTIER,0.3150567932004294,0.3082809068129263,0.29913233431786357,0.025936285790395617,0.0557092515826208,0.34546310115730905,0.3570044093031738,0.3379575384781393,0.04896421260746243,0.08336887237795194
BANGKIT,0.17605511954301925,0.1919081357694272,0.17403520617396298,0.013449169944527986,0.016435253118322182,0.19701794059633843,0.20762387732107151,0.1975833044633671,0.03177910898704087,0.034932782145698935
BAYFRONT SUBZONE,0.03600287542875318,0.03446427129316728,0.0405740084802662,0.005621283812509294,0.004669469374861309,0.07201648156333244,0.07080798689583755,0.08368843439696798,0.014594006730414001,0.01438683019199162
BAYSHORE,0.026939296471853565,0.054142728287117234,0.020026981484136255,0.030420962655200327,0.04071023601328844,0.026330342213640796,0.053558053654120454,0.020930733363842616,0.03413677648510443,0.04052437630172972
BEDOK NORTH,0.7437522836122327,0.7227130624784597,0.5979936745969893,0.5932955721391037,0.6186559503756008,0.7764929580741254,0.7607607839050665,0.652033572283031,0.6508453140302842,0.7107461298331615
BEDOK RESERVOIR,0.1913943188516162,0.20858357968395083,0.1471986475734122,0.24689064258174084,0.2894960172359311,0.19227940951403794,0.21574730198841988,0.15622038653699086,0.2772657584347373,0.3103402557892097
BEDOK SOUTH,0.3045134190060965,0.299720360295598,0.24836992888560872,0.24163764158655032,0.34625721560881,0.29698133213182476,0.28691374829847793,0.2539784491661308,0.2638256908174471,0.37419647529517425
BENCOOLEN,0.05451122789920444,0.0553077799780929,0.051146477305821704,0.01041940767263474,0.01731378972457912,0.07561717096152928,0.07604289463914705,0.070532039011768,0.016622992348411265,0.028979721901223877
BENDEMEER,0.24395464902095249,0.2352055411542972,0.23507162354296815,0.048843738567458043,0.03298752674296727,0.25318283458891794,0.2271291821621868,0.24160500800083476,0.06191550963117105,0.059596217101315525
BENOI SECTOR,0.018033245040915656,0.021459517930040594,0.028979457031065227,0.0019721004420466945,0.0013723610432183134,0.00917456279004658,0.012535902930200144,0.017213959843296905,0.0043859444824664385,0.002107786964893559
BIDADARI,0.037864706840055294,0.049610824792104345,0.03310279106218252,0.005939859626680022,0.030877935243077057,0.02561661999801653,0.035830228801802796,0.024225684678396663,0.006415115790560476,0.018655160757447456
BISHAN EAST,0.3674416897119841,0.2926305241211283,0.31754861865104433,0.03529130288500917,0.034055339535256184,0.3390252353532472,0.26925398432971426,0.3083700962496052,0.04110309720349981,0.045366592118030874
BOAT QUAY,0.045908187687604456,0.020359499389763263,0.049550418669898254,0.0004929425952825922,0.005902826981077706,0.04608993438636745,0.02009912790887006,0.04738830479433645,0.0009826909920000605,0.010049144394347552
BOON KENG,0.13322646729431964,0.1373337488781995,0.13325819975798256,0.036293830452598985,0.021009794764789803,0.1641641087675436,0.17404486807911995,0.1606353976154536,0.07329971836329306,0.044289372900795904
BOON LAY PLACE,0.2493026911145827,0.2460653095486978,0.2471235966945674,0.02975657914200295,0.03499668708204703,0.2745300179205984,0.28058017832602794,0.2787403078852427,0.1309255277550954,0.13315478415901497
BOON TECK,0.12130374052418823,0.09714934705238026,0.11248904542954784,0.012614688133525145,0.018276097028863642,0.13626837718390714,0.09668064791355942,0.13222318847636136,0.01696716308625363,0.029593488106854728
BOULEVARD,0.3421180661261549,0.29976383895209896,0.36415702831356034,0.03194716962176357,0.02878342097466988,0.4685761837655132,0.42876891213307367,0.5135431528762002,0.07000325457366906,0.05960802218086644
BRADDELL,0.1093446500860336,0.11117245074030303,0.11510431659494982,0.01966806141349708,0.020774931016353474,0.09025516956820377,0.09848637805378438,0.09983031789780612,0.023279824975624606,0.020960553297170104
BRAS BASAH,0.11846168624684285,0.11725266644448666,0.12622866033176436,0.013611748565188576,0.009360829425820942,0.12035467357860596,0.1275478868561082,0.1293617640055933,0.022920078245421905,0.016815557324900348
BRICKWORKS,0.12179713136222711,0.11877672273868332,0.11901064125017914,0.003689940248802154,0.005474974892981978,0.11739310185519618,0.10965463172223344,0.11808540054460594,0.009184409314943078,0.01801522430916864
BUGIS,0.18022893149148791,0.1673030550509744,0.1813374723431452,0.015530365960611556,0.03386080409438676,0.23326081021021094,0.2356771732263464,0.23291772747880213,0.03828797331121833,0.069390577675835
BUKIT BATOK CENTRAL,0.3542486143062738,0.3655924585431437,0.344008912612483,0.00835157563384241,0.011801439415620436,0.3429087526879877,0.3540589036010395,0.35585532314884666,0.02581391622466225,0.028605296999496082
BUKIT BATOK EAST,0.10185541770768429,0.12449142199377365,0.0988593873039008,0.0035815474808399976,0.004437451510904289,0.11622963016472176,0.1319843004057601,0.1191227417449028,0.009440838539970367,0.015359746397503263
BUKIT BATOK SOUTH,0.14434663949500645,0.13513061227275364,0.12914020344796306,0.004881674902433601,0.005855754192795931,0.12681465954740184,0.13350663349377032,0.1260383402150131,0.013314072970224033,0.011200297067856784
BUKIT BATOK WEST,0.11730141533896714,0.10106950670350456,0.11187323149392907,0.003751499579188444,0.0044394654160572556,0.11489891043904446,0.1074135073173591,0.11721674470369721,0.0139632824274529,0.012713626900178838
BUKIT HO SWEE,0.0762545828234052,0.07353147922977091,0.08067719264970562,0.0024990653342598862,0.002801076855967982,0.07920651459257473,0.08188660535759644,0.08461887427895484,0.005452820718121011,0.00566559314408721
BUKIT MERAH,0.18355555413673727,0.15846463186175094,0.2114738342918308,0.0038913951458572054,0.005735677945413855,0.14345457387461621,0.12628631813415483,0.17560118213234954,0.0067561596039202665,0.008965217462370214
CECIL,0.06556198119014542,0.07172172636143076,0.09033072170325301,0.008508450132933087,0.005718580399656209,0.019609403600362903,0.023333403890868118,0.03569004074348812,0.003387930630919447,0.0024058005719160753
CENTRAL SUBZONE,0.0848626727383061,0.05757435731777922,0.12816369911480374,0.005655126283270875,0.015521429781788944,0.03877305731285708,0.026077576381245155,0.09292633180378844,0.0019878576095027165,0.005775303301083758
CENTRAL WATER CATCHMENT,0.05675924552789279,0.05497155261742081,0.06302788958109691,0.0028123292511167378,0.0034403185238303185,0.07141303367448178,0.0756836210995252,0.08172144768333182,0.008054380353567425,0.008313392966735016
CHANGI AIRPORT,0.31320854374972973,0.29853472093470296,0.2551823385802109,0.2830204003684973,0.3697782300314087,0.36051713843427596,0.3616832693973518,0.30628214954953825,0.33748210515777943,0.42939326453068655
CHANGI POINT,0.03807244118619272,0.03563202440491966,0.032622246077113976,0.03343719258549155,0.05317293337922582,0.08726772296575089,0.08192869564084695,0.0835847656296236,0.07939029123019246,0.12237167328111428
CHANGI WEST,0.058352513983179845,0.09137095113897588,0.048612133948097457,0.121013242427221,0.12034507279011919,0.04397749946638164,0.07428389529696038,0.04101681465476905,0.09664605500021595,0.08572057669053512
CHATSWORTH,0.08744286797608762,0.09020132125068389,0.09107177288369782,0.0036645716826937554,0.003219497416553192,0.0870799872502962,0.09768340617041925,0.09291665608419726,0.00794462468382013,0.0057233892029579635
CHENG SAN,0.26475629232210024,0.33354246121612846,0.22213445915593105,0.037997205889246675,0.04595429717830974,0.23139349283522967,0.2697294335641107,0.20821424076550857,0.04728847121000684,0.04544218785830562
CHIN BEE,0.04543281906651881,0.034583873143555204,0.048042455180866264,0.005697348747463927,0.007350004919304244,0.02499333742270696,0.01955203563915357,0.02689602153824062,0.012477657383106662,0.010655656908647896
CHINA SQUARE,0.06965801609926672,0.059893683452631866,0.07482135464351526,0.003031338363467898,0.013989381325070402,0.09096350458503673,0.05720476556444942,0.09277005151311854,0.004256866508196654,0.026404799784956266
CHINATOWN,0.18509495909014795,0.22335008593361672,0.20930481731991615,0.013331642981052825,0.025062088139195887,0.2212881690176484,0.24901604803991167,0.2470218894232853,0.020500388510233555,0.046189316867651896
CHOA CHU KANG CENTRAL,0.45049349241253056,0.47688070070873906,0.4383339550096812,0.01497848879125663,0.01945822531556299,0.4644739135101559,0.48754705644819885,0.46575022870957433,0.041355534397298783,0.05463888476442668
CHOA CHU KANG NORTH,0.12218508787789702,0.14057784243494126,0.11297297205554094,0.004375208328888303,0.004245049140014071,0.10808532833140087,0.12282066771308918,0.10234167604284505,0.010347419063413842,0.010030908150001995
CHONG BOON,0.2992239418622435,0.21782698850161572,0.23015816636194475,0.02335004828551213,0.04173929958076262,0.28270223523856514,0.22159190824481076,0.2394440123643432,0.03372554207362193,0.05771249323503683
CITY HALL,0.17496963648230704,0.16249970142191417,0.18457847752113718,0.019047745461313156,0.024754288488723204,0.20683945698668668,0.18619178189254848,0.2152173549915823,0.03355610927596411,0.04767170760088969
CITY TERMINALS,0.03515406093366692,0.028689657368850287,0.04337469319116194,0.0012402112893516101,0.003986340093082702,0.03041155341917753,0.02325142146295078,0.039399694736973294,0.0021871986288327654,0.005038346440551422
CLARKE QUAY,0.07521335721978427,0.10966676410738802,0.0813699379062698,0.01390933478780377,0.005954248785029368,0.07868828239369567,0.11275376288760511,0.0863477127661871,0.02315094982359741,0.008357175086675382
CLEMENTI CENTRAL,0.46245879340531965,0.5178612254554595,0.5096465916155362,0.010994732130570105,0.010414695548231448,0.43262961008516265,0.4919727235425527,0.5432641704471772,0.03283585263496646,0.030078030839155185
CLEMENTI NORTH,0.29903048598750864,0.3033641219472523,0.30718959019410275,0.009032948004053805,0.011828334132711334,0.2806657108470023,0.26785556112779163,0.30753468021367253,0.0184927920713922,0.030091381074112977
CLEMENTI WEST,0.13581670389613631,0.11400848757972035,0.13806711820120926,0.002733756852349059,0.005357537009024732,0.14136989119082805,0.1233188310461837,0.1600407010641595,0.01065000271686869,0.014472832825672686
CLEMENTI WOODS,0.15142202837294788,0.15850174085242053,0.15483615493641237,0.003907427539803352,0.0043362444086514325,0.14608287389098187,0.14125564188903145,0.1680833004352732,0.010414940452762212,0.0124845939205553
CLIFFORD PIER,0.042813358032380205,0.04393624874455024,0.044675416299845644,0.00559111108606558,0.006586002530154546,0.020242807579462202,0.02907950097369398,0.023959258784215117,0.005051124486415187,0.003953736697126344
COMMONWEALTH,0.08191530022372508,0.10866311519881888,0.09619747478585818,0.003223653673667941,0.002548589284162648,0.0782611428289242,0.10157590253941995,0.09652330525305321,0.006133025362860107,0.004899322832219549
COMPASSVALE,0.1421004211858851,0.140753178861354,0.10680972398956957,0.03501333886964767,0.05298512377881449,0.12802335105803359,0.12665495411589237,0.10060321370937701,0.041614022452327655,0.06344819189534895
CORONATION ROAD,0.06504598277238578,0.0824097412664488,0.07391718416240081,0.002943409508417522,0.004213798188054113,0.05508157729018187,0.05544910413640834,0.06428177072205325,0.004432729079688072,0.006337998391446691
CRAWFORD,0.11878730504590151,0.10610950479260482,0.12163879321565665,0.012817042674180311,0.01900017723046144,0.13694406251109578,0.13224311087085366,0.13820840682702304,0.02698327615613455,0.03575517158096932
DAIRY FARM,0.04384042124973191,0.0370952845136362,0.04355863751078192,0.0018926278125168065,0.0032182318362030922,0.03561909729321829,0.03129612020398726,0.03590625694652642,0.0034689977065857787,0.005506178596949585
DEFU INDUSTRIAL PARK,0.0868740508226518,0.05729969391480799,0.0680752389465368,0.028210612053406157,0.030902070693341752,0.06925325670451174,0.05192003334657644,0.05817339294113177,0.03040095461139163,0.028993712087190263
DEPOT ROAD,0.049320510182552575,0.041332875324028316,0.0527693586437841,0.0006996782885317426,0.0010645948083310638,0.03769406669433728,0.03599736874670279,0.044772628215554576,0.0014110186175365137,0.001950729535320456
DHOBY GHAUT,0.15628283214060695,0.144170589887928,0.1698417019417261,0.01392777841174723,0.012517856013876788,0.18580946538990056,0.17090462358097944,0.20022785440502197,0.026085996285613,0.02685195122255438
DOVER,0.12867804862051682,0.11571578551060265,0.13924086033671895,0.0019394193682217293,0.002929294448108666,0.09753115290543467,0.08040660679045715,0.11846582905962023,0.0031423081384184164,0.004859744172687572
DUNEARN,0.03996172673153311,0.065088999018389,0.052138785208729124,0.004834362886962439,0.0014584160299933838,0.0379634266339027,0.06034297474908655,0.05066173914982588,0.007418521143634189,0.003071539568694446
EVERTON PARK,0.08922999860407627,0.07526636008858385,0.10274706497467602,0.0034074854256099223,0.007115838347236737,0.085436075376706,0.07066828297696351,0.10157204972043792,0.0055354581760591205,0.011673699802166445
FABER,0.04604168559096184,0.04961742194600116,0.04440692124984687,0.0016072933674055416,0.001662203434484245,0.03491068065216123,0.04088700590729391,0.03736745271745757,0.004182976697637717,0.004451660079883139
FAJAR,0.09721236062891443,0.097436863531047,0.09549990966380655,0.0036666267608131543,0.003941499999411755,0.09704581526887224,0.1052505389510157,0.09893404115038684,0.009389753950052081,0.009916973259386884
FARRER COURT,0.04102355744632441,0.03682485807588319,0.04841064356569492,0.0022307045328489685,0.0009210585515099753,0.03998631978003904,0.03564306137202926,0.04737814921060147,0.0035483153986810936,0.001726191527953191
FARRER PARK,0.18886685528566086,0.18532400556435807,0.20196813964356222,0.04607434790783731,0.021949804998959772,0.26764077015720417,0.3105897361582399,0.2937911513607267,0.11096503134422472,0.048092159653730406
FERNVALE,0.1764834446638131,0.17906330651628188,0.15857246159868085,0.03633245102849523,0.04155807024026468,0.16909355891003908,0.18427557493535845,0.1581217608971271,0.05098096243729518,0.055115371988905176
FLORA DRIVE,0.0783692766764362,0.07397229422851404,0.06086761905917261,0.1012230617545307,0.13483438639189793,0.062835388835357,0.0705000032565016,0.05403845010705302,0.10274825685868853,0.1079778820875017
FORT CANNING,0.03734981123106253,0.024049611734744365,0.04709573383667594,0.001389758234273204,0.0009628982270035877,0.03573998276912629,0.03281332430196888,0.045225893155078155,0.003500642569304563,0.0020069903728549628
FRANKEL,0.4321655072180285,0.3392088761293361,0.35442808718245306,0.20230871839961467,0.3437584582390584,0.42945442776725506,0.3418882987384313,0.3650213628724996,0.23478522631665213,0.4039640892120676
GALI BATU,0.08369146080661174,0.07828029259514972,0.0892932735754101,0.005621353837296046,0.005126300693866401,0.11313770455540713,0.11546089267222008,0.10995448834133194,0.016680717144500767,0.013506253535028824
GEYLANG BAHRU,0.13596392886651285,0.13158558044148608,0.12356189813932683,0.015053196780509101,0.03465264453302075,0.1256555139408053,0.12900329883612632,0.11860495955948726,0.02356148950007025,0.038227666091516586
GEYLANG EAST,0.46623692917675036,0.5275734587399209,0.4113289262658344,0.22981604429933533,0.2165151540254243,0.5643485795140338,0.6313326744345085,0.5132707414936796,0.3408551121519459,0.3277177793591627
GHIM MOH,0.07142253914753463,0.06744566163197663,0.08335812079832537,0.000948811299938245,0.001343224758978844,0.07091675839188852,0.07067585434319619,0.08772101290137374,0.002394765659863899,0.0037411848871264494
GOMBAK,0.08706858048487019,0.1262940658600698,0.08634567344786394,0.007468733607658906,0.006649883542820464,0.07683606550017488,0.12786051101023194,0.07991332095087691,0.014856426491873015,0.011963388445474154
GOODWOOD PARK,0.020466969861687466,0.01245468722097167,0.021739492511280656,0.0006110506633911757,0.0012636110395227444,0.014405043071062457,0.012249005138759534,0.015496464902042945,0.0010388219985559572,0.0018394051260070456
GREENWOOD PARK,0.04143400545658169,0.030921514342553805,0.030048890130666608,0.008851505251221069,0.02285990672437592,0.009625128507137834,0.026122678928480712,0.007897602804636738,0.010985831606739311,0.008264482258934802
GUILIN,0.13573408030247142,0.09707117646590466,0.12157273043246505,0.003171054279515085,0.004212899686537479,0.12384770062520074,0.09857186122092758,0.11555046083692308,0.007416177494561812,0.011407921454033475
GUL BASIN,0.020531977536365844,0.004906348850673422,0.03435018698117798,9.247897118733565e-05,0.0005779662274334831,0.016396674139364385,0.0054285881762939706,0.03138213273299034,0.00032586388777081104,0.0011438484895285228
GUL CIRCLE,0.027881182222606594,0.03842000439051966,0.046429741336531265,0.0010186282143523546,0.001268443092503069,0.02155336612178416,0.03208997388285712,0.04077276114753486,0.002548523209118475,0.0026493954922382386
HENDERSON HILL,0.13510278032600767,0.152266691083719,0.1513087871096963,0.00433860032946686,0.0034750964673192996,0.13596963252366184,0.15872302802545282,0.15951724602666167,0.009143960184259347,0.007493574371272476
HILLCREST,0.037940684559835645,0.04321701678975667,0.04885711744505245,0.002549244091148366,0.0012776079317795214,0.02553858723976667,0.03594746285959919,0.03404789211404345,0.0038270723551523797,0.002296309512345565
HILLVIEW,0.10605769953510806,0.0973486550336853,0.10700629853635486,0.0033650989839646584,0.0031501061229906122,0.09329648815856975,0.08921780459687767,0.10164008551663724,0.007455208083756256,0.006878288603676001
HOLLAND DRIVE,0.08879293807699752,0.09179905524206436,0.10440152602619043,0.001981265012701639,0.0017353062539515684,0.08917283235649544,0.09207106989103746,0.11289158692700814,0.00456940876682928,0.004580895176503311
HOLLAND ROAD,0.1504759055148274,0.164231169959746,0.1596198407122993,0.004899973408516394,0.006395208023379924,0.09132918110905282,0.11102789844925394,0.1052636636921816,0.007740678521493322,0.007456775865752487
HONG KAH,0.4273790269569995,0.422989033937807,0.433486063611503,0.030384516820839605,0.04091655790782375,0.4527793660491386,0.44621887598590587,0.4632283905510141,0.12097911296231414,0.16037636316808318
HONG KAH NORTH,0.12740981853862166,0.15485459531579324,0.1218142659691201,0.004269397525557441,0.004124707363079253,0.11734298458159219,0.14408635590957347,0.11758938439017493,0.011645535300819304,0.011390959577024557
HOUGANG CENTRAL,0.4271437514129737,0.3831744139623075,0.33089272235639755,0.07632737535887223,0.11227408700002345,0.4367524496449958,0.38330627723249466,0.3517901227558699,0.10015693605014336,0.15120274144659812
HOUGANG EAST,0.1512600896119187,0.1572448692910448,0.1153683184686617,0.03733978920991943,0.04060445241783901,0.14944579192434415,0.14770799275754043,0.12013035915857304,0.04401988954095492,0.052972634511529434
HOUGANG WEST,0.3399593760075827,0.35330329732576404,0.26760026763172884,0.07368658330744685,0.08082096039760645,0.33757656862372987,0.3635600726851158,0.28120614872726046,0.10156852156401075,0.10765779950052297
INSTITUTION HILL,0.02096497508377719,0.016960372716446362,0.021032288623986366,0.0003234871167018867,0.0012683629430800469,0.023579605861109035,0.018941441588130704,0.023397119362772934,0.0007460990961871336,0.0027102690305429414
INTERNATIONAL BUSINESS PARK,0.02318394240784364,0.02526254966348828,0.023650996274168227,0.0007883690930622703,0.0010920108220803767,0.00816242241107347,0.012439836132839213,0.009189767460924918,0.0013603279055271354,0.001577876962124839
ISTANA NEGARA,0.001257201994226506,0.0034468991670524485,0.0010679850750105963,0.00025606819864387904,0.0009177683936739044,0.0005158650963798432,0.0025347794371462624,0.00011809605705698064,0.00032568764823122343,0.0007220407513881284
JELEBU,0.43809136306292945,0.432628471041338,0.4522775572886326,0.016492915052554825,0.02456406787562868,0.4586881436325147,0.4507914927152059,0.48950158773639,0.04246215511209482,0.05923574739909918
JOO KOON,0.13311786965206673,0.1554934102394653,0.2734554172681947,0.00872726305476619,0.009883253193371811,0.12063260406170302,0.14200887071037327,0.2788248929827815,0.021643175267988344,0.029916768119332846
JOO SENG,0.10628296273638198,0.10584067077130967,0.09298349298269346,0.021935288664370105,0.02786333607489004,0.08180616450627752,0.07141157946840868,0.07741226440132816,0.021554925939797152,0.027488352929790155
JURONG GATEWAY,0.47676991375164807,0.504352187923341,0.5130046811926242,0.021959947360332854,0.02237360204876573,0.5664617490520367,0.5952329701248543,0.6414174489627331,0.08346027954326525,0.08292632062609127
JURONG PORT,0.02652661382277921,0.016415538799795716,0.02737887844955681,0.0013065923776826407,0.0016648449552459903,0.016122416746352314,0.012286780557382814,0.01673336191549436,0.0035924314812924713,0.004124985362645139
JURONG RIVER,0.029822851184373084,0.037541786714014515,0.03096903246546001,0.0019163204412042533,0.0035267451376207117,0.05124368789671924,0.04678941506718163,0.05413778655325115,0.010052563275675764,0.015225162174236213
JURONG WEST CENTRAL,0.8868261076625765,0.9019761035161693,1.0,0.0958355692656472,0.09154257658811102,0.8603903352021199,0.8596538175968321,1.0,0.28697391553220586,0.3489627761665952
KAKI BUKIT,0.3892848778508695,0.348341242335074,0.32083054284668033,0.25407148858176043,0.30284386507327726,0.34096895300199614,0.3265757397143397,0.29487863431870387,0.2628065757461825,0.3258903747160857
KALLANG BAHRU,0.1625022382664775,0.12555629362794554,0.1477941446555986,0.019766543449509566,0.03495125638594349,0.12146688525633884,0.10543298445346133,0.11424370851068806,0.027292347436745433,0.03672997268963615
KALLANG WAY,0.08120213120696325,0.09591445652532454,0.07221715331023297,0.018608634753871867,0.02454844761264998,0.04294903424258638,0.058218677339307925,0.04219370395189023,0.01167352764759073,0.018654433723825296
KAMPONG BUGIS,0.05336607707994812,0.0450525326815042,0.04848831041390691,0.002975370112391309,0.018412772427447092,0.07230273771728879,0.063457492884544,0.06638386111029457,0.007834686689075422,0.035616181367921114
KAMPONG GLAM,0.02888082032720336,0.030353732567305187,0.029674368669802192,0.005395508394307146,0.006113792750309787,0.03310352033034956,0.037358586417783106,0.032885569160806045,0.00781160124215674,0.01224859897070319
KAMPONG JAVA,0.09788577048750242,0.0852537117521472,0.09405274099091343,0.007007230637137653,0.008616332374197178,0.08650886255419338,0.07574069129016081,0.08243056487757279,0.009233689480925568,0.014506282462875128
KAMPONG TIONG BAHRU,0.09859632758876377,0.08505440377084217,0.11332717117977444,0.0016223449550715509,0.0035898520169838116,0.10309792498978677,0.08088400992581689,0.12356387750924852,0.0033192741613904957,0.007676441685975728
KAMPONG UBI,0.26678310972918207,0.24342661860602138,0.22240765822898184,0.09401194649998254,0.14576468214631388,0.20369569999506174,0.176621900624597,0.18370090172848635,0.08833961427452322,0.1379319347529652
KANGKAR,0.17329478919955527,0.17567072012484544,0.13423415436341846,0.060565653264213065,0.04175992406557875,0.15802613036286456,0.1758950494662594,0.12914903529025948,0.0753674653468729,0.04927561744486513
KATONG,0.11678512670837413,0.10910043256855637,0.10451142386517637,0.06042021443361922,0.04506350096862183,0.1224444985885131,0.11808563296621705,0.11163706553531406,0.08517165344383719,0.06804850200410406
KEAT HONG,0.18425238417097947,0.1331220917072638,0.1615032631124134,0.006042514032039131,0.009887596813190144,0.16834865624080453,0.13023002299090133,0.15323938578705257,0.015889212581749596,0.02441863078734014
KEBUN BAHRU,0.13342186759503818,0.16822898834919872,0.11605638857276461,0.015022512683239099,0.009329721335062985,0.1323879615696828,0.16910727893238853,0.12263248736229741,0.02269331266699258,0.015128803123536568
KEMBANGAN,0.2625136146095462,0.2555341590391814,0.2230870506680877,0.2625009400512205,0.19611172275778624,0.2653696577455471,0.2641759585512476,0.23184798082566074,0.31717330748476785,0.23195482662060837
KENT RIDGE,0.027048416497206556,0.03324089734942281,0.03420440142295469,0.0005557161839795825,0.0006576835646987821,0.010589926836126718,0.012777535349324928,0.014043180703974851,0.0005154411350848309,0.0008762088892791521
KHATIB,0.336183126619569,0.18016716391766296,0.2867261461505471,0.032307217582831095,0.11151294146217851,0.32582145598842244,0.16977754837533135,0.2831899945242012,0.051839645903445315,0.14791774387748743
KIAN TECK,0.06371216459014548,0.04151088473520958,0.07196537496820331,0.005992307212287743,0.01316129549835119,0.049247159374970664,0.036082037788444626,0.06450287053986993,0.018698591094472295,0.029701359986842372
KIM KEAT,0.03136388132965073,0.06625646777005961,0.03052699860572499,0.010315046867913995,0.003624183078059692,0.030427878263999678,0.07370114433466415,0.03157195150833454,0.015961756097842377,0.005502843614225529
KOVAN,0.15625029928198442,0.15834881200045042,0.1268951807297765,0.029658115848644712,0.032772823101126315,0.15890954934041504,0.1731903620578485,0.13599143888916937,0.044805584927267494,0.04705122092881029
KRANJI,0.05750857506369446,0.05645042409462594,0.0711049502104223,0.008525228371106983,0.004486106123295422,0.09206232989001543,0.06537866600668234,0.10575533218452675,0.01931954227281591,0.012491011997527108
LAKESIDE,0.09162608282035796,0.0625700236701332,0.09716029461595073,0.0037203178352684,0.007090776116557172,0.08236406607807438,0.08246308755430216,0.09216120047038318,0.016308999832996985,0.023797636377119954
LAVENDER,0.21574079582743597,0.23516595823091632,0.21919199789547694,0.040042097319864974,0.04633659353225062,0.29199645914115807,0.277897553715994,0.2862968632388057,0.07180538216546586,0.102299702572903
LEEDON PARK,0.052334863819079,0.05914735198204664,0.059228848502330594,0.0013572881744187532,0.001945707251140382,0.05736738206217889,0.06408632334455741,0.06684984111014663,0.0031262894124613728,0.003919390407954243
LEONIE HILL,0.018380339589644856,0.019297243868343555,0.018663616711366692,0.0005300917547880679,0.0009532597755263162,0.015606551649972471,0.017445079100423998,0.01603193705547694,0.0011509219778973521,0.0015605450762127392
LIM CHU KANG,0.0023025486200815093,0.0082685371493698,0.00220909232345042,0.00045394738045643953,0.00025187310969551917,0.01077113261365255,0.014873908257836771,0.010924502465247269,0.002197281629707175,0.0019464288948716356
LITTLE INDIA,0.012233631778537426,0.012096109157873305,0.011901346666754437,0.0023765873242130925,0.0011685758303417496,0.017888764956108614,0.0203075440116192,0.017666690307124713,0.005544839932237896,0.0029598745065947465
LIU FANG,0.030680139894194207,0.02994482276973544,0.033830987459491674,0.0047724983359199846,0.007471522737042688,0.023044150950942616,0.020682041696246555,0.02679563872129288,0.013010613289280475,0.017955927482811298
LORONG 8 TOA PAYOH,0.11619309252826746,0.1004754500567014,0.11573841620929419,0.009364649843474676,0.02912182387833679,0.10877407353444726,0.09901914171643687,0.11364094999691635,0.01364434901372646,0.03261865895906378
LORONG AH SOO,0.28232949197953305,0.26410568185566563,0.22030982714597497,0.047561764663342394,0.09332378763801534,0.2919714821285802,0.2794892502882004,0.23944558748907702,0.06773901622597263,0.12314502529768764
LORONG CHUAN,0.03637109747175286,0.03377850851999677,0.03372742153035983,0.004415737807912917,0.006562371255325921,0.03109025884265829,0.028042793687597288,0.029582472518351,0.005424114739319844,0.008432955966120393
LORONG HALUS,0.0004260324394100902,0.00096909915863539,0.0,0.0010355091788963736,0.0004115984257432755,0.0006056517429016513,0.0009264747067520304,0.0,0.0007132799272784873,0.0004394201902643275
LOWER SELETAR,0.06608207160885579,0.07577701392340705,0.058504370517820786,0.01697253184156723,0.017052571589739874,0.06869959959236863,0.0830718091169019,0.062226137330720896,0.02771403880513398,0.028740814608275662
LOYANG EAST,0.01870886051703738,0.026500852511525116,0.019365654550509637,0.033341513962441414,0.029039923938056104,0.011412699015162925,0.028007134995017554,0.011197506682742884,0.03589777507654784,0.01958848375985539
LOYANG WEST,0.0555583448233431,0.029735249389478906,0.045665252812513234,0.01738196883773789,0.06641003683882826,0.0404741877675489,0.013630657357414077,0.03390912215830117,0.006650263911325803,0.05340497747205371
MACKENZIE,0.030667950955192008,0.05151262501890994,0.028269295645716147,0.0023360736377798885,0.0050456568400102705,0.046600902029300645,0.07813511550811195,0.04065332267241024,0.007061525771883368,0.013874532840012487
MACPHERSON,0.21145583236378063,0.2116733225883137,0.18678018956868775,0.05598541904059722,0.06901424992072443,0.18983770247398943,0.19619990686405409,0.178703732942207,0.07545843121056127,0.08835265828339192
MALCOLM,0.08574222077244789,0.07033814394762315,0.0844712302594604,0.005886598334798918,0.0068117565843121486,0.06572219276948135,0.053305267716996986,0.06519321599605518,0.006614805430474227,0.008956000347916625
MANDAI EAST,0.024691888290115323,0.04183414527615345,0.029190066662920327,0.005559194762731865,0.006975080964142515,0.02873172688697861,0.05612784048352536,0.034238209035929563,0.013779089604543975,0.011302961086118458
MANDAI ESTATE,0.006049196299089864,0.012153436150355962,0.00764449240929533,0.0024894200599980105,0.0003276481060817052,0.007112734889009421,0.01252385387425996,0.008807049527142183,0.0037760878054391793,0.0007040032953765476
MANDAI WEST,0.002488284833448306,0.003978197543811358,0.0025266050251115677,0.0005763968567172344,0.00013969838310056378,0.0025711630594881427,0.003863839154872703,0.002433361045126695,0.0008329818720458006,0.0002899853124821397
MARGARET DRIVE,0.07793839768270856,0.10735503038671834,0.08821320680076779,0.0022794144599714832,0.001497233041340577,0.07098695522462374,0.1026221350927126,0.08474987044958955,0.0053725856555645575,0.0029032536668240814
MARINA CENTRE,0.09135389220392559,0.08257361798156664,0.09509045078710548,0.01240041987765634,0.015724191343687886,0.12431279545418371,0.12720172073544833,0.12867521900365683,0.026596458423154983,0.03048901626548349
MARINA SOUTH,0.0017952565873234454,0.00246426446852532,0.005186469465365418,3.0138815696300556e-05,5.5151124835045425e-05,0.0055961568050319705,0.005560476491314911,0.021045092474240863,4.0783512767887937e-05,4.395972142669995e-06
MARINE PARADE,0.2532281098989566,0.2795231167684865,0.22063330730384584,0.09458560847429352,0.15057806327423184,0.2850742351912231,0.3301034264909893,0.2536097763295489,0.15050223126155415,0.21092320974292791
MARITIME SQUARE,0.32211833892621833,0.3138324686891114,0.3928771732886175,0.01769670871290791,0.02529493473724326,0.37851299437241787,0.38170155465386646,0.4780528455202667,0.04275859431823455,0.05401990197706708
MARYMOUNT,0.19364451307655495,0.23735797635716535,0.18457008680734638,0.017128481968053503,0.018696920756727547,0.17264502890109715,0.22194230781755775,0.17415757836260862,0.022727619451355468,0.02420662147081216
MATILDA,0.3099668954220957,0.2839914089132099,0.28049281726744635,0.09966034370884193,0.1469686330067697,0.32347818776265147,0.30124308807534245,0.30139153177364547,0.11344699038792475,0.16436586983921075
MAXWELL,0.0073098808473169965,0.004833552669743064,0.008550898724707651,0.00010919881082823247,0.0009838289313915266,0.010839696961905567,0.006759520382443549,0.011460463658305227,0.0003303125976329275,0.002534077506070106
MEI CHIN,0.13252226585410942,0.1008652792927851,0.14974707258768638,0.002938317100103747,0.004551970105675644,0.12972235928289855,0.11469683598304015,0.15134087582204872,0.0058763099531230914,0.009411309983020467
MIDVIEW,0.19319874616447463,0.1987103132851893,0.15822159543906128,0.06776126802382465,0.07601858292530617,0.18397936866111378,0.18540159177798474,0.15689414094556717,0.11924549210635833,0.1392840191508795
MONK'S HILL,0.003547561675305819,0.002252018103500245,0.003648358202696999,7.513604614146277e-05,0.0005067017978754011,0.0022201788958119834,0.002166876168269951,0.0017503789876732098,0.00015419615980450063,0.0007421176951603958
MOULMEIN,0.211617103635293,0.22246089195795565,0.20909552977722243,0.022178554162743214,0.026574265666815998,0.19927721749549945,0.2143315379154482,0.19923920973544604,0.03072140153957355,0.03362491557571577
MOUNT PLEASANT,0.02500334470290477,0.02748525024255915,0.027183108218982673,0.002516492059489188,0.001291471657423245,0.01593500752779407,0.017330287418831698,0.017288801147668724,0.0020351778335748467,0.0018472411438204294
MOUNTBATTEN,0.07066276194973108,0.07023466531387097,0.06522831532553669,0.01802202789980833,0.023417981773574445,0.0702719270214137,0.06491510300314578,0.0649740277535065,0.023278330267529103,0.03166092621409265
NASSIM,0.08613142520330135,0.09842436078697221,0.09625114217356039,0.005541086500130666,0.0042200713716357965,0.08219118597140786,0.09667967096307778,0.09460836348601347,0.010319855112392378,0.009001992022185086
NATIONAL UNIVERSITY OF S'PORE,0.09981217425423283,0.10829532386907152,0.10325616326080843,0.0046633789100289655,0.0052266506046458406,0.03709984234281113,0.042053729019988405,0.044505497856059784,0.0034348533022993456,0.0032667078890409548
NATURE RESERVE,0.0409633382833969,0.04198479924746948,0.04358222710366218,0.001208412222370186,0.0023993841832882943,0.04254581057547935,0.04054458476348029,0.04596637974534296,0.002756358399143538,0.005788308646951621
NEE SOON,0.016886323923375687,0.018287367473983896,0.017856545716839773,0.0029091463395714313,0.0014361512015579549,0.016946821409870735,0.016021336598518943,0.017445551537400916,0.0033051506860993815,0.0027964294810840255
NEWTON CIRCUS,0.1096294359394349,0.13882877200804852,0.12684577479621187,0.008906454623861016,0.012116430185979377,0.09636221239194483,0.12512097903464267,0.11020147981418447,0.013387004117186786,0.01673214676267164
NORTH COAST,0.3418295075059196,0.30322984711664563,0.31175887581681777,0.05906707915056477,0.09418151827210917,0.3690214847201493,0.395830945232156,0.3465400095639093,0.16969582168582004,0.18726151067359745
NORTHLAND,0.20030489760275494,0.20471130627059478,0.16986941692788957,0.04644128607006277,0.053540240140446775,0.18736350899274484,0.19911537133887808,0.15887900793954313,0.08055735800642569,0.0868981531849262
NORTHSHORE,0.002666243342880368,0.0037613445454617836,0.002699454508401195,0.0010876862814039275,0.0010807419198345185,0.008021947121378895,0.010328320491862003,0.0075779474584756635,0.0032041214589623944,0.002743270216285992
ONE NORTH,0.17437397464178306,0.14286344346409727,0.19794737230437798,0.005465590194107744,0.007419108280931266,0.09037523880187066,0.08414441933319873,0.12052912957956005,0.0053731552162573,0.006899398113623507
ONE TREE HILL,0.028114658447065323,0.028280576955231486,0.03327933524300673,0.0009584747916001805,0.001479232460485339,0.028517871419808487,0.030378926526810776,0.033628999553953036,0.0018980334334927523,0.0028689155871842076
ORANGE GROVE,0.004928394336554599,0.00170047328892008,0.005599800436558718,7.947212880276293e-05,0.0004746720509907442,0.0070588629010963355,0.0021411498055868543,0.007463024478216642,0.00018283005758531999,0.001334860252804616
OXLEY,0.009442364747034533,0.013349568398267906,0.010362783825420259,0.000654924679726512,0.00031894612309764353,0.012785618464705481,0.018247806746168726,0.014100104357667157,0.0020770528568730888,0.0007740309444341646
PANDAN,0.030534453051834623,0.03850917971215935,0.03128735618652045,0.0010916151321945537,0.0009430376779009546,0.014163435367694682,0.019512957619888107,0.016339535529691314,0.0018814170965744598,0.0011081710833785114
PANG SUA,0.007279118286978121,0.007924489886449332,0.0071957327860838576,0.00039470674637999414,0.000746591003444703,0.0015949373391237558,0.0031846957450550025,0.0012437047614349335,0.00037756741301870966,0.0005399170262642454
PASIR PANJANG 1,0.09881877572555385,0.09301116852657118,0.10649406171760978,0.0036503222479653424,0.004707517071829312,0.08460440615724173,0.07483115039175714,0.10053309931144115,0.006497582174389503,0.008684534718920943
PASIR PANJANG 2,0.06094411458531343,0.09013691369216542,0.07027579142587242,0.004569223475248967,0.002180832603178741,0.025662656060414984,0.03745693276626785,0.03249314438311124,0.003334531289202873,0.002190753910680514
PASIR RIS CENTRAL,0.42123313174182553,0.3880285543019699,0.35960242407469495,0.2225243799295954,0.3333435130766304,0.3995073978074917,0.37140058877549026,0.3433938372031603,0.21621141850784562,0.32222019213279757
PASIR RIS DRIVE,0.3206747332291082,0.33308205380775213,0.26893299863426473,0.2987929336165946,0.40388081004198506,0.31127561113076896,0.33044576622226274,0.26573279827096163,0.297164303126912,0.3944110173176237
PASIR RIS PARK,0.06559390460181784,0.05001657819276656,0.05349063433360355,0.041404649793723824,0.04219779428159873,0.07230926765521764,0.058549619314962324,0.06021339436624218,0.05242724851458894,0.045804172029460896
PASIR RIS WAFER FAB PARK,0.030364388331470652,0.020436959076034475,0.026900255715077627,0.013486372964247331,0.015431998133258459,0.02550757003460459,0.019355017292023526,0.02355510824816692,0.012445428068196809,0.015153867552797264
PASIR RIS WEST,0.2068039237935925,0.2192883433977845,0.17679656110255065,0.1503707390743682,0.1602252826443167,0.19870111372172589,0.21435897394147416,0.17452784686959036,0.15343481332886968,0.15820784798773793
PATERSON,0.021975496169625918,0.0774875535592214,0.023246191403404393,0.0007517048414178701,0.0036284937180441675,0.044749664626469184,0.1044653150014003,0.04509664247179559,0.002470279673153419,0.011388691009266604
PAYA LEBAR EAST,0.007202502098964317,0.007498575355990386,0.00530211444402412,0.002418315813448397,0.01258264765092345,0.004386485803710882,0.005317867121708491,0.0032197845431909734,0.0021600899046815467,0.008740678306221434
PAYA LEBAR NORTH,0.04476649040106543,0.04437609691901539,0.03821225141013424,0.02279867317323487,0.07867037052425818,0.05539346345050899,0.05173115625346003,0.0506499041820298,0.030843813476272932,0.10147114665659325
PAYA LEBAR WEST,0.007706311577721754,0.005175922208181153,0.010452144886860821,0.008818105388167193,0.001849651097560104,0.0021156998889502432,0.0023235138954923506,0.0050500636030356635,0.00385200556225983,0.0009042696521580727
PEARL'S HILL,0.08583624973046483,0.10696943811585284,0.09368893753160146,0.004088961270984533,0.003678650906334096,0.08389990747894197,0.11916557031112616,0.09545956548626698,0.009488026062915293,0.007479618589604428
PEI CHUN,0.10484751201989002,0.08792186239929388,0.09671159166159492,0.009263795869503396,0.016997929225436217,0.10276653063989719,0.08479604530445034,0.0995118661948415,0.012216723096193519,0.023830324257220054
PENG SIANG,0.17485178105066912,0.19688952724567688,0.1567558536762902,0.00817549938670773,0.007746984934607648,0.167593468919332,0.19967288441373202,0.15623166659452256,0.024694081478332314,0.02147427639010122
PENJURU CRESCENT,0.031097465948602725,0.02900927810074764,0.029818828100797803,0.0009556300270991753,0.0013619403795871565,0.021537367773858455,0.02327910172659715,0.023148389477205454,0.00236409163740865,0.0029977076838179325
PEOPLE'S PARK,0.13323764048840497,0.10128095686030071,0.14528031306819225,0.021678355005044846,0.004169487302405449,0.1410584947758456,0.13522346114016634,0.1631421493147123,0.042820795112699615,0.007065704844327303
PHILLIP,0.0040217694450579225,0.0,0.005891062965249703,0.0,6.45993546608028e-05,0.0,0.0,0.0002272493613392746,0.0,1.5473267324361773e-06
PIONEER SECTOR,0.006790980301223508,0.016335917976903137,0.013688382314622391,0.0003423272243991826,0.00021202200617422077,0.00618385121862926,0.01455167742397697,0.013241234617882541,0.0009523881063210742,0.00046644897987875334
PLAB,0.005765368148038727,0.01810350024511839,0.005955680480023305,0.004645586489957877,0.015424486938051204,0.0016455443580724112,0.011125837735038004,0.0019698256257183024,0.0027160738751545776,0.006691932630069215
PORT,0.03811333217441675,0.03998876208956888,0.04408243368553683,0.0011021457891851898,0.005981890434582583,0.02228659652697089,0.03283033952285738,0.026796623670474338,0.0022302900195389445,0.004470168710866137
POTONG PASIR,0.09494025533505507,0.07703982861049152,0.08816170448095388,0.00828738235408022,0.013791939525527167,0.08939036091375054,0.06946166771960219,0.0854562827827166,0.010438767232179336,0.019436807280262085
PUNGGOL FIELD,0.24777506880220748,0.2748520474494607,0.2061783581408438,0.18654518321358257,0.07704672898725334,0.23003200077706262,0.2667746468324009,0.19665411774635838,0.19285190563101376,0.09649245801773232
PUNGGOL TOWN CENTRE,0.03984744091774585,0.04467669396144305,0.03864436093938034,0.014119552308452424,0.012643428131851339,0.03966504683393919,0.04792625977764607,0.038081875829011395,0.01652598416059048,0.014382280018703087
QUEENSWAY,0.04090259673736928,0.046104465931956044,0.046378803504363235,0.001251244006072789,0.0011088385127625674,0.03560285407262025,0.04751879001426348,0.04677322309931955,0.002764604125669006,0.0027182719066086644
RAFFLES PLACE,0.04953695091369158,0.05907555106140244,0.05266859274292104,0.012059004532756568,0.009673940063652936,0.013772781831100707,0.018676118119826234,0.016219204582053583,0.004538417066698629,0.003864664830696828
REDHILL,0.14878344231308915,0.15310762915350554,0.17144411300001275,0.004752117955000763,0.00566937952608503,0.14087018769082213,0.14146023160239418,0.16927205842777204,0.007998536848955299,0.009270465074443533
RESERVOIR VIEW,0.014863540474677915,0.013653065913529511,0.014519122045208086,0.0011993000751933651,0.0020386053035955317,0.01178327299262566,0.01672807885944288,0.011798569040034497,0.0028562025671453237,0.002660359284009444
RIDOUT,0.04861355172042521,0.0358315598742901,0.048524912528265116,0.0006973568668831572,0.0021731045873895766,0.04293597436672866,0.03342212727710875,0.04304390014770961,0.001449336804526997,0.0035401431251310712
RIVERVALE,0.3586056666377421,0.33847534086243003,0.284214214266332,0.07850643431616983,0.2770958555061432,0.3450505723286534,0.3339053921153583,0.2841171063705613,0.10675576415801256,0.29134653791054416
ROBERTSON QUAY,0.07501015019384766,0.07173324294474201,0.08005168873510385,0.002250284961502074,0.003746266105795526,0.0806920754713901,0.07720351181133132,0.0867204226177411,0.004986548850368063,0.006978952316458994
ROCHOR CANAL,0.024969912184498746,0.026756008812887654,0.02641434101483646,0.006689085312205214,0.0018313194513092342,0.0292084123557853,0.03142686874344629,0.02996763949787968,0.012531359503456288,0.00474106773715589
SAFTI,0.0016089399482898774,0.013867103747069669,0.004769755811993001,0.0025463769732325804,6.908318680909905e-05,0.0013565946047204105,0.010046307452829575,0.004622666794888435,0.006585406343654049,0.0001164848995678042
SAMULUN,0.018622377092688464,0.0034856858822044047,0.018383155198747857,0.0007474480673560234,0.005816157808056586,0.00975246229675058,0.0032027693289652793,0.010317792477884644,0.002338919134603203,0.00968750564814278
SAUJANA,0.09149777972671819,0.0935321730683704,0.08902176220343291,0.0041561000362515905,0.0036006476813998053,0.09008767666032855,0.09704228241684523,0.090539023434306,0.010491465390888691,0.009336596274732097
SELEGIE,0.028485550448132148,0.030448566654571886,0.03324531518526547,0.0032370291869925415,0.0011350064852162826,0.029644285712536623,0.032415624043402654,0.03396205021542879,0.005672719453557806,0.002480806159381178
SELETAR,0.0551848409067758,0.05516002647961081,0.05109646124366857,0.021791042834434428,0.030560625509791037,0.05225011458000459,0.05163297273005556,0.049841079793784694,0.02581049528147086,0.034521751554747196
SELETAR AEROSPACE PARK,0.01709899188768067,0.015898771223214703,0.015453653790917494,0.0027798786502166175,0.0037018426376268956,0.00874693347993044,0.009965953275714964,0.007939559408816719,0.002467344547136357,0.0031165701566876714
SELETAR HILLS,0.07967503127768812,0.05082438831302813,0.0635478888464738,0.008938416799189627,0.012903701084438765,0.06022561751786448,0.044647858198894094,0.052234123380318055,0.009159628417696894,0.015501983432326127
SEMBAWANG CENTRAL,0.2809957318398594,0.30622825356274747,0.3210809659860464,0.03432252017101904,0.02723083104884761,0.31177302915249977,0.34300080109939496,0.346904275553649,0.07372400394531488,0.05728531020872116
SEMBAWANG EAST,0.055941251635712085,0.05157225532805485,0.05822970761257349,0.006553361207578386,0.008276849398303494,0.05820288762017636,0.05907578856186376,0.05705930959577996,0.016907642377972928,0.01644561082229043
SEMBAWANG HILLS,0.05250449322019289,0.03662046004911467,0.04681529619473674,0.002305165920989452,0.005201897250532188,0.05176689917326904,0.03742575176339562,0.04872487402365755,0.004089397905306123,0.008239016682850039
SEMBAWANG NORTH,0.15910918590366618,0.13350222426455952,0.14780438742120444,0.01462482601127639,0.023339480569300394,0.173449843750829,0.14006539055223755,0.15846085943670524,0.032290947840545654,0.05073428071871498
SEMBAWANG SPRINGS,0.05714116561662827,0.06767494116589909,0.058298058582999426,0.0075172772139904575,0.009004136724144731,0.08030052406833091,0.09125368798806818,0.0803208107458794,0.019612760177458662,0.022390452759315164
SEMBAWANG STRAITS,0.006325478916472974,0.007254736585881863,0.006955082069615616,0.0005148504943081938,0.000853632838848761,0.014068751267726231,0.01680721184845544,0.014319504258916592,0.0020294046666257974,0.0031615554334089822
SENGKANG TOWN CENTRE,0.5280786720557256,0.5516041889652364,0.42766199769478164,0.1889234750004516,0.16208464739546743,0.5226285612138828,0.5486295012993442,0.4338681473078573,0.23601242055413305,0.21332919483406768
SENGKANG WEST,0.005862879660056296,0.005740519150514066,0.004873012285034037,0.0013112636649538181,0.0007825002738730245,0.007460454083721151,0.0057631937162545025,0.006775316056407994,0.0016721119845545106,0.0013564138530130548
SENJA,0.15588674966560226,0.11923656142689615,0.14610829097618958,0.005517147599603406,0.006753310140094253,0.16441249128151256,0.12042445241925505,0.16067026244990149,0.013654940803958345,0.019932323716216505
SENNETT,0.10695329633893609,0.12751786634393694,0.10363389109719293,0.016916792385326365,0.014426398681715778,0.09456656108573278,0.11032213313881163,0.09658473256649178,0.0188665134752598,0.020723870984401392
SENOKO NORTH,0.06679306402936722,0.04883335589256649,0.059464810639020836,0.006458266060690967,0.013982339763530862,0.053388772506349345,0.04409970756615583,0.04468616295371499,0.00992161469065809,0.025213339263953357
SENOKO SOUTH,0.07396248186532557,0.08539179700784948,0.06506457847519849,0.02324202759340707,0.02048696707969833,0.03883680583188756,0.05443079608438247,0.03519465330726392,0.023132853040271812,0.018876440693244855
SENOKO WEST,0.05757706529237347,0.05760936204384377,0.04906709754211242,0.008859092701105145,0.020320451920086965,0.057714856384218284,0.061944033763408644,0.04885283671170081,0.017546741247824568,0.04133954016261109
SENTOSA,0.01017137938449921,0.0027725107971523044,0.012465356312059717,4.690796323211084e-05,0.00024843151228911377,0.0205089025500632,0.012239561284103712,0.02560706445865656,0.0006293884201098943,0.0010413186727104176
SERANGOON CENTRAL,0.4894420861427145,0.5485743038580838,0.4265827409054208,0.07606692589543178,0.07373725543827778,0.5244971845764499,0.5805345058910114,0.4804587229262662,0.10889267211617024,0.11021697714635893
SERANGOON GARDEN,0.24353325998687658,0.2426432918887993,0.19171902383885223,0.03103508073522156,0.04641743094013554,0.23140467535393283,0.22788363217163066,0.19312475909323698,0.044132597968518636,0.06466954466164566
SERANGOON NORTH,0.1990906471078695,0.17773358190195948,0.14795505544411217,0.02915083764388116,0.03846142159090843,0.15812407943179746,0.13951577449377683,0.12824267575150006,0.03106796941177622,0.040499601615844
SERANGOON NORTH IND ESTATE,0.0571278738688592,0.056109590100629346,0.04102715411845902,0.006502371299343262,0.010589554873549385,0.02568436810402844,0.028579220914555913,0.02009604074178842,0.004023359265763357,0.006283814913444432
SHANGRI-LA,0.15626393928515356,0.12062651350653517,0.13481605780653005,0.008382649470638343,0.014368875542590271,0.15616020059969318,0.12215438748461303,0.141789618254447,0.013627340615666101,0.02306476105328449
SHIPYARD,0.0077208222193910344,0.015420278513638478,0.011726074791216238,0.0028095655572668242,0.0018278145360029322,0.004099168534841096,0.010073987716475944,0.006528143890030718,0.006595967999402219,0.003393686212953041
SIGLAP,0.03371634655707456,0.05693116324884806,0.026267276607285946,0.013786278328810565,0.03745462110661321,0.0343409435678683,0.058437921309895204,0.028058180750893776,0.024429067174504732,0.044319244855759304
SIMEI,0.3004748752592689,0.29528405866007257,0.23131840493874867,0.36188242892959466,0.5344278762691563,0.2120718146248571,0.21337868554569198,0.17501842717571747,0.27923712696194014,0.3960298156447894
SINGAPORE GENERAL HOSPITAL,0.09282631603539088,0.1075152104207733,0.1023896514841846,0.009633350744265972,0.005769015070953233,0.07103054256029888,0.07762832244576297,0.08366780830192715,0.009777814393347564,0.005461152221808319
SINGAPORE POLYTECHNIC,0.09550222346562298,0.12145013404734255,0.09985215862358354,0.003686343127927793,0.004356423751143814,0.06078319259276491,0.08155338383081823,0.07502599348352876,0.003754961100825745,0.004136405117738777
SOMERSET,0.18686075907488275,0.21378415591122052,0.202179959403326,0.02067952126739132,0.01945392570882902,0.2341492898896563,0.28028082441594643,0.2546695094410694,0.041466469784039624,0.0394064204277937
SPRINGLEAF,0.02201844766896699,0.015644638618146495,0.021696542668775135,0.0009919926987774286,0.007773054328960993,0.019501659624536732,0.015297823354326914,0.01949335888349032,0.0017053896648768464,0.008620384844917593
STRAITS VIEW,0.0014126690090711825,0.001898956625988009,0.014218355435489705,0.0002599962085357272,0.00027100463150672233,0.0034251973163587596,0.0041801268733025485,0.019615580508147084,0.0005763266779166524,0.0006592484801230044
SUNGEI ROAD,0.04949936835176814,0.04811693910258233,0.044640531167743455,0.005053950757973983,0.015058969530762176,0.07696952110659593,0.0727054689687962,0.07139097112421719,0.010673960911095187,0.03354512378547402
SUNSET WAY,0.02571111576096562,0.024591431434528365,0.026722280790497443,0.0007445723512926623,0.0006934163587203026,0.022511961009740625,0.018209542852304625,0.026649390838634157,0.0011505475737422196,0.0015522469736974985
SWISS CLUB,0.10912118620432666,0.0576317696182864,0.10673957666515402,0.0025070514868971517,0.0043099485602103044,0.07274840598093339,0.0528053947205596,0.08348852632759468,0.004744044258324384,0.007226188775505262
TAGORE,0.060247603785187946,0.05609221569963386,0.06310336790846478,0.006051857095475824,0.004695956559781998,0.051859134546514175,0.0518939813337328,0.05452926632324354,0.008623871824538668,0.006004692822256046
TAI SENG,0.13110074535361999,0.14828155515391273,0.10495814780909453,0.03411929884492936,0.03610773475796939,0.1009903875232476,0.12391151433837656,0.08507940070439865,0.038493422190314035,0.039267334824891593
TAMAN JURONG,0.27471326246529415,0.24403913022213072,0.287379739973042,0.02030720894244684,0.029469086765154466,0.26169673090901224,0.2503092862399781,0.2767955217966683,0.0818363124790324,0.09953580702340727
TAMPINES EAST,1.0,1.0,0.8096261623303078,1.0,0.9812897292495127,1.0,1.0,0.8558892123469501,1.0,1.0
TAMPINES NORTH,0.06946099060668122,0.09435408744868723,0.059599029033835974,0.166024972136572,0.054887006406445525,0.08325621884760472,0.10235510196106527,0.07182321540212898,0.18450302212270345,0.07281498617574758
TAMPINES WEST,0.5469443345666412,0.49769676864577495,0.41718908899924306,0.6537536380593252,1.0,0.4988858701530005,0.4394933860452393,0.39924516779735636,0.6339691726612828,0.9704974679858669
TANGLIN,0.00702140929093169,0.008844167262874972,0.006372465338965077,0.0006236831140567031,0.0004475361550717694,0.00583613202391753,0.007647894020411752,0.00508756711565876,0.0009591724584200037,0.000701054776571194
TANGLIN HALT,0.11587501926287681,0.09559810593436742,0.14069380468159196,0.0018461605033020477,0.0024143480547564513,0.10739788911594027,0.09831402770631566,0.13850245624164728,0.005365787338939356,0.005267426060121412
TANJONG PAGAR,0.03464903256100927,0.04432152821932579,0.034993444302879144,0.0069307452997166025,0.008718926157588014,0.011937461151970837,0.019235910745803997,0.012972775298958747,0.0033687863125516225,0.004078681249317277
TANJONG RHU,0.043659966909932735,0.0449437649502313,0.04035059945460779,0.00928973730346804,0.014086564713258526,0.042779745601780717,0.051206615257361324,0.04023428088319532,0.016147467590925765,0.019866242958628
TEBAN GARDENS,0.17474062953548244,0.14544563205852812,0.17992910922317196,0.005913162455100431,0.009765822125526761,0.19883171248030304,0.15904102540722553,0.21529652859511123,0.024607744039020576,0.04184882773938469
TECK WHYE,0.18861526978039886,0.20069341205936983,0.17443359916168347,0.009155013419562277,0.009787357609712711,0.1659937157509857,0.18343075700636322,0.16090322064895288,0.021185233324839927,0.023546443546430106
TELOK BLANGAH DRIVE,0.17214844850768207,0.13389720041812306,0.20011431293411994,0.0047663947106177254,0.0048624593195764655,0.13184760920606975,0.1195673411966992,0.16266217959278662,0.008825119836524183,0.010037107274484773
TELOK BLANGAH RISE,0.11518779527341967,0.11555313154383638,0.12939368387888178,0.0028307939939524957,0.0032857542021016532,0.11663122134734658,0.12024273962967064,0.1345346835880352,0.006346837606555698,0.007322983463909764
TELOK BLANGAH WAY,0.0767229863364896,0.09670182115570762,0.0922655411781558,0.0020838728248433005,0.0015740510516016781,0.07674146302443054,0.09070073401546187,0.09527611616085535,0.003346420903725921,0.0038393251233416093
TENGAH,0.022257350873410034,0.010980479249107394,0.019522623250623847,0.0005379053448067555,0.0017513729125298153,0.0205781198921091,0.010691257595789995,0.018771805214592655,0.001679353396418407,0.005437700861634422
TENGEH,0.0,0.0015116581946319641,0.0037597650555467777,2.2199001019234063e-05,1.526416428420564e-06,0.00048484789121776403,0.0020288005001986467,0.003804921008870179,0.00011806337219840016,0.0
THE WHARVES,0.0046312163951677246,0.017364363084601674,0.004859759484596815,0.001721259448266727,0.0014037852287746542,0.007747771352590936,0.026375383453064043,0.006957683663751221,0.003953593914889312,0.00398948457887079
TIONG BAHRU,0.09449445940169142,0.08297715337359114,0.10061360756503443,0.0021792881265068195,0.0033772291402214293,0.1100457789460925,0.09842955210076919,0.12168955941622074,0.004921978254422685,0.0071832727028408845
TIONG BAHRU STATION,0.2817369354163263,0.30147281460746367,0.3211641007728604,0.00821843513760507,0.009151498611338984,0.280333745127544,0.3114578380737142,0.33454694144727015,0.01561846916876418,0.016977610074218066
TOA PAYOH CENTRAL,0.5808078480515255,0.5886082223286361,0.5830154756218954,0.06753922601535754,0.06874291874982699,0.5924340057945037,0.6099606614606061,0.6255328833464675,0.09474010028955439,0.0960184019866232
TOA PAYOH WEST,0.10029331811070284,0.10679108747257347,0.09670815666641853,0.017449394355636312,0.016679854148982525,0.09233111846001209,0.09805920645568879,0.09367582774717524,0.01885369828690822,0.021799238060388356
TOH GUAN,0.15031457620074834,0.14407490272041604,0.14302982701627437,0.004829919434482098,0.006014352993508841,0.16511274550015856,0.1608216804850885,0.16777940430102303,0.01943222141154064,0.024187500864601467
TOH TUCK,0.11427014229425433,0.09357983181807325,0.10355410241037687,0.002858466927543739,0.004987007347172694,0.08888878005659008,0.08047271377304789,0.0892586693236091,0.007924362852681773,0.013419560294143906
TOWNSVILLE,0.12437070974740745,0.16827639117482798,0.10485824629075013,0.011317098463609575,0.017710924866835367,0.13686096905095108,0.18558200196692698,0.12376013458644397,0.020854170635053577,0.02957803713302195
TRAFALGAR,0.30581386271249744,0.331342623187631,0.24283523748208874,0.07279388518505578,0.06906916313713288,0.28716969227259387,0.3257836771113528,0.24048582437487218,0.09419092267789965,0.08912765347265365
TUAS BAY,0.034624219363754795,0.02679820784902072,0.15839263175569995,0.0003949245126113352,0.0006515812577498414,0.0381496931133234,0.038080389998632266,0.19666644385341484,0.0009267359162153314,0.001632710183927938
TUAS NORTH,0.02143500378872854,0.026158881077201487,0.05486439955161482,0.0016001719744723902,0.0020628836174296367,0.017824200194837023,0.020903890868118197,0.04595150786743441,0.004622589983889949,0.0055439831228386366
TUAS PROMENADE,0.019877315426814562,0.03327010112981948,0.09715721329545751,0.00045554591901348875,0.0005325347209298552,0.02291420518615833,0.05563106116361315,0.1169512123468443,0.001708770120272406,0.0014738368378039875
TUAS VIEW,0.044230177084968805,0.024210986081142718,0.13074469243210143,5.698850475159161e-05,0.00033936265882354965,0.07533262891627926,0.031221709142302607,0.18210190330327977,0.00032918285911692405,0.0019510524903751031
TUAS VIEW EXTENSION,0.013042164732349763,0.01259146442029785,0.07674610247233862,1.6697663976402771e-06,0.0,0.027677141911467917,0.02056806414005562,0.13022277499857776,7.602289095898016e-05,4.1797662535092435e-05
TUKANG,0.030066049538750233,0.021098949346369918,0.034820755112857975,0.0028793212524046005,0.00555185583328181,0.017046402963285832,0.018649984694442453,0.021553165626401798,0.010995296656867907,0.010345886662073528
TURF CLUB,0.12220366149923369,0.11201896226769203,0.12132914656793686,0.011798055414108388,0.01896551323753253,0.1603279334827873,0.1538837852272061,0.15080898165856568,0.032561019800907184,0.06592238890682152
TYERSALL,0.06286668754264314,0.08341424325526323,0.07310257580742935,0.0022483078152920567,0.003934961941124395,0.0626878938623889,0.08618583877711852,0.07416263703966387,0.005860914937373611,0.007731501811135912
ULU PANDAN,0.042042552746908,0.03410680223438778,0.05057709995113445,0.0005684532654695914,0.0009078680164056099,0.04111738665354149,0.02949380939044803,0.049473053042031555,0.0013173533424098557,0.0016911393140583786
UPPER PAYA LEBAR,0.13576736771446074,0.09210593664229891,0.10832442654828497,0.032580628134758254,0.02719857165237022,0.13204677231289993,0.09055679664450074,0.11070041802663372,0.02785323112607812,0.038260831898361325
UPPER THOMSON,0.26710660997455704,0.26286450697080305,0.2663507666506176,0.01797729846909595,0.021296869439564173,0.25728469672315474,0.26031146809605377,0.266629451965506,0.026950214228771346,0.03144540643668222
VICTORIA,0.16730244559452565,0.19941407605153513,0.17366649320416672,0.039184149970558545,0.025124962949732786,0.23105140571198157,0.28289856323149165,0.23721767612756028,0.07837414977847125,0.04982032688028639
WATERWAY EAST,0.10346917518900836,0.08762595729821525,0.09389128386206314,0.02521617909523768,0.03176891706283605,0.09206094227820556,0.08171987247539714,0.08513643510958135,0.02841599895853766,0.032128904666330275
WENYA,0.07743807075795175,0.07849646312930308,0.071587674608377,0.013232451190042573,0.012091962864855168,0.05830091831333336,0.06862914308416754,0.057006569554156734,0.042661668926930206,0.032067312671619885
WEST COAST,0.03649194209557463,0.014994307111163181,0.03640369374290381,0.0006105999559640533,0.001565540672596132,0.027066592715119624,0.013893864099675001,0.029829906508749112,0.0020907765273495537,0.0034578835536192335
WESTERN WATER CATCHMENT,0.19620070771301548,0.1804298841972003,0.18227524436909726,0.024560498649784313,0.03755630951905865,0.18692926812047572,0.15799243189026893,0.18048050711435504,0.06135380912849865,0.08993524908117437
WOODGROVE,0.1021490840737872,0.1544676381165353,0.08138176022399121,0.028480011150190124,0.05145785174883034,0.10640811377437351,0.16872048795420055,0.08675641321324057,0.06227499915607654,0.08899511948236007
WOODLANDS EAST,0.39283055314275833,0.3175520691745709,0.3226195173128227,0.07866398177158744,0.12251717193749703,0.38156786258398623,0.31342557916881053,0.3227463370806581,0.1661515105431769,0.22555146758712408
WOODLANDS REGIONAL CENTRE,0.7412831238045046,0.8616181567324525,0.696998322826647,0.18433868922733673,0.19953233395276954,0.8414217633852504,0.9011203179648167,0.7883305548538254,0.33111323241856616,0.3894998197229809
WOODLANDS SOUTH,0.16453036163130955,0.19002777629278625,0.12581344562085428,0.07117474947897573,0.07388541406996446,0.14978828716871279,0.18712509525267196,0.12177726637699543,0.1301383902647894,0.12927811495521185
WOODLANDS WEST,0.33379519738390545,0.19050282824537318,0.3117297892508128,0.058193825897163216,0.07971677587336644,0.34702163409247944,0.20128949322322015,0.3229720411228735,0.1259862297122313,0.16231883180060516
WOODLEIGH,0.04527784541349089,0.022384711892052364,0.041935772909801626,0.0018807531120925577,0.0057880643082666074,0.03599301786386957,0.019472251349819916,0.03635605587385783,0.0025034419496208936,0.006937763124781602
XILIN,0.09354331586155339,0.07869338248592134,0.07314093996937678,0.07633214681264285,0.09991827383004957,0.0636527738156019,0.052724714893284445,0.054175776360863945,0.049251705132117206,0.06381127581144719
YEW TEE,0.11389820552698733,0.09445972721906078,0.09786070815188679,0.004062631027245038,0.005020330491945647,0.10721717308375911,0.09903566846208456,0.09792529270155746,0.01024091008503046,0.012076952964401299
YIO CHU KANG,0.22756197712716575,0.23314924809507181,0.20094269371221848,0.019836573787909862,0.028410959538602176,0.13788943427474631,0.13882661734152235,0.136651112125376,0.019619966965683206,0.023441256968701515
YIO CHU KANG EAST,0.08063969873586192,0.060520498380853695,0.06577209967293673,0.01788897723239517,0.006930527929136101,0.025429210779458283,0.02482471880108637,0.023557353688463813,0.0061861863036663635,0.004197543236511126
YIO CHU KANG NORTH,0.03770108484459248,0.039454733856025076,0.02958675914640513,0.006184015017753288,0.007594669527959108,0.018463154621175853,0.026829014126703965,0.015341367851342,0.0041160218797974945,0.005498970350050678
YIO CHU KANG WEST,0.12427668078939051,0.1331589447738598,0.10806511268225046,0.011093437045863923,0.0100426747426274,0.1230550477848614,0.13877451331583507,0.1157303826615057,0.01637740859182726,0.015554666013603592
YISHUN CENTRAL,0.6065871928496201,0.5612717777168615,0.5322782948653142,0.11971929143093578,0.10531657230079447,0.7069098578799822,0.630302642976703,0.6179947637233947,0.18683151531542538,0.2174754672079329
YISHUN EAST,0.281513616641036,0.29646244683888273,0.23766746057920868,0.05956902345868967,0.0786319277388895,0.28288074741669533,0.3133589022984388,0.24478823096418512,0.11957107969607292,0.13044919479027228
YISHUN SOUTH,0.2074986933167177,0.287570962058403,0.2002936472690949,0.08029178300541352,0.04557455995062534,0.20957019540431132,0.29998998625756323,0.2047803660944173,0.12219533796809978,0.08171576226293875
YISHUN WEST,0.40113577694473795,0.4521208427977847,0.40764454660857324,0.08680163380649904,0.13746074726357538,0.42720535389610786,0.4920560085711122,0.43769761232018456,0.15215905910907707,0.19656794238088177
YUHUA EAST,0.20022363800940696,0.19097702711771483,0.19521956240204066,0.008926763951805063,0.01162630655703121,0.2122017603896414,0.20247363861950385,0.21568989090966045,0.03640802513974255,0.045106130101077876
YUHUA WEST,0.20005067116070913,0.20615423463346555,0.19596017446660885,0.012415883185987074,0.0150552641398103,0.19823095819084804,0.213107093311797,0.19976865309111175,0.04619303287434405,0.056431938198549865
YUNNAN,0.4105373958099652,0.41036628990851565,0.4140247971202753,0.0631415225737814,0.09533267729280977,0.3972177566969615,0.4211079921062401,0.42262346403345774,0.25137524929534677,0.28725978848988903
