ind,node,cal_dc_spreader,cal_hh,cal_pr_spreader,cal_dc_receiver,cal_ha,cal_pr_receiver
0,TAMPINES EAST,0.5722755128032202,0.5722755128032202,0.5333758415070624,0.6397547283612561,0.6357395870698505,0.5962682466113847
1,BEDOK NORTH,0.36034190249669695,0.3374036953170913,0.3382919492280256,0.3620565692390958,0.34049969395989443,0.33666594734971467
2,TOA PAYOH CENTRAL,0.6242768447492223,0.3033568539059179,0.6222933300983821,0.6319362591820028,0.31026903784344995,0.6327359017765836
3,ALJUNIED,0.5256791956795168,0.3223001582647784,0.523547025736077,0.49791423930433837,0.33123724056049114,0.4816537323724203
4,TAMPINES WEST,0.39406479220049023,0.4315694892335508,0.3715554830955802,0.32292722235783455,0.394872553033522,0.29505383343620584
5,GEYLANG EAST,0.4115154594393473,0.3119502158339746,0.37875199235436213,0.39800210394432134,0.3082094218071022,0.381721154456697
6,PASIR RIS CENTRAL,0.41185117870739296,0.3421723805061971,0.40153797232828836,0.382004040835701,0.3533386282149632,0.3623831419718426
7,FRANKEL,0.3274179400493763,0.2756036312963245,0.33224320899072374,0.3426281087119027,0.31746127259423385,0.3207123363087693
8,KAKI BUKIT,0.29986920592734956,0.26992858714066886,0.29175757428183374,0.3971366230651714,0.3652501089885538,0.3723425449487517
9,PASIR RIS DRIVE,0.2718057224998655,0.2621389922025161,0.25309848726744183,0.30403506873297353,0.32833700984155906,0.2867148126617709
10,CHANGI AIRPORT,0.3669728422186029,0.3605024519619282,0.3482724975065445,0.46472913747330735,0.49117450442477595,0.4340491468271785
11,BEDOK SOUTH,0.28071876853722927,0.2612688081643861,0.2636730274368391,0.24722302218872036,0.2580396099871573,0.23098641421151087
12,SIMEI,0.28437764989415804,0.30432523021030855,0.2621514052062112,0.2489938006810357,0.30168161729771403,0.22820362709197237
13,KEMBANGAN,0.14364964858666446,0.1449434299911105,0.13729235903047793,0.33519401631059803,0.3041446383671817,0.31749515373863924
14,KAMPONG UBI,0.30999905143987994,0.22575221720659844,0.30080675771890364,0.3153564952288747,0.25781000867458026,0.29680115223626047
15,MARINE PARADE,0.398230427794065,0.27750461986268776,0.3680319775700792,0.3547229278500905,0.29829034167621077,0.3387991517484184
16,PASIR RIS WEST,0.31457073683889525,0.2773964606166902,0.2927775294788436,0.28361128953278636,0.26048393172425405,0.2691711608066126
17,MACPHERSON,0.30552586317062896,0.19611805696722429,0.2930462768613729,0.35983019336474503,0.247744470546737,0.34525076538761124
18,BEDOK RESERVOIR,0.17402812195858575,0.18408890084738005,0.15493897120558026,0.18132751003552408,0.2081460697343556,0.16613276390354031
19,LORONG 8 TOA PAYOH,0.2925774621037651,0.1326533013399885,0.30669972979597016,0.3186578658661181,0.20091116100135864,0.3182416747959886
20,BOON TECK,0.18874185607441357,0.09557561448888068,0.19819453267546655,0.27495866191318225,0.14630881505550805,0.26813041793233894
21,BRADDELL,0.3113764084549509,0.1747996251792979,0.31500480759810223,0.2597256842638636,0.14931229913962307,0.2642081780927209
22,KATONG,0.21007553718030217,0.17251521853924548,0.20708783133371125,0.26669956577008297,0.1941637298535088,0.2570086367716453
23,SENNETT,0.33557578899120344,0.17114844092029854,0.31316090711957706,0.2954209354844816,0.1515057751142977,0.2923325304600301
24,PEI CHUN,0.16838100403608297,0.07952868364466907,0.17381489036529432,0.09209839057257706,0.050218607955050294,0.08965176446047651
25,TOA PAYOH WEST,0.3543249368288861,0.19370916450488504,0.34280284466235883,0.28976088799000466,0.15934796206606736,0.2862662391281336
26,JOO SENG,0.2961408931272374,0.17525159206626476,0.2836282418541118,0.312710126704364,0.20013901859862307,0.2990813601178506
27,XILIN,0.1688390141133705,0.16713313601824506,0.16477079950232856,0.23527047511566707,0.24049800802395963,0.21674546619771168
28,POTONG PASIR,0.2698026472099822,0.1283158275757886,0.2822069877846426,0.3378563859509213,0.17760578805424018,0.3296162845283235
29,DEFU INDUSTRIAL PARK,0.16879392374428684,0.13328365006318643,0.17877320779606,0.21283961262012163,0.15080588727890312,0.19622401623129695
30,KALLANG WAY,0.2981011339167141,0.17257336804737264,0.2711954463249644,0.2199095636989831,0.14759205697484995,0.21147957521233451
31,FLORA DRIVE,0.10291727939913714,0.11425935222261915,0.09644077810165351,0.14128835847539242,0.16930040134279922,0.12987329863316682
32,PASIR RIS PARK,0.08135423555589201,0.07638801327054959,0.08319580449686409,0.10362347593521497,0.08945409884689733,0.09681208591518473
33,MOUNTBATTEN,0.2603933925215589,0.1654679958049075,0.25405330052459635,0.2154490555349328,0.14909538919637197,0.20977792201653694
34,TAMPINES NORTH,0.08528305621810518,0.10295963347536562,0.073173794657875,0.27707453682537747,0.25615694783172066,0.26328696190907985
35,CHANGI WEST,0.1284107114395682,0.14101852551124947,0.10405112148609032,0.14682020679085983,0.18688541629013722,0.13814893341433607
36,LOYANG WEST,0.0703047811953399,0.05878420577153628,0.08111284256015858,0.19091608990750078,0.20261456983868106,0.17883590643571937
37,PAYA LEBAR NORTH,0.2593298958638892,0.2077013931087548,0.24671966158397513,0.1329070254155176,0.1603863192487524,0.1260756253607926
38,TANJONG RHU,0.22568452763200397,0.1334380786889041,0.2177184829159903,0.21817269824235735,0.149637680252715,0.21251484162385442
39,WOODLEIGH,0.1980694338115304,0.08675161199678486,0.24417161425133282,0.1831025085918622,0.09223805987692087,0.17848179603247827
40,BIDADARI,0.20244523488797384,0.09977938060576373,0.17690371261989168,0.18772441986133642,0.17538481486282662,0.17949985781921543
41,CHANGI POINT,0.15459474231517784,0.1513530427139001,0.1501133005047008,0.1878615984259771,0.20998969282986166,0.17843185542941295
42,SIGLAP,0.21220872564951798,0.13227026760271063,0.16397774155117495,0.09654422663451916,0.0999880136840805,0.08883507788169057
43,KIM KEAT,0.12842107038889175,0.06908502634485007,0.09918703192697295,0.20200462558119017,0.09839085993086374,0.20019170689033716
44,PASIR RIS WAFER FAB PARK,0.0,0.0,0.0,0.221405335924144,0.17668809634749819,0.2126434649950927
45,BAYSHORE,0.2056139863715946,0.1696668220333172,0.14759708252173034,0.03236059254625406,0.037135469758642674,0.029315201302879533
46,LOYANG EAST,0.13061642508385393,0.14100665714537056,0.11764908981103409,0.07991764372868902,0.09253202146237677,0.08084210597678129
47,AIRPORT ROAD,0.045408418530286876,0.0336219383191582,0.043324226209457535,0.09865651152357609,0.06703874953720482,0.09449147142628274
48,PAYA LEBAR WEST,0.057512601464787205,0.06868979083970304,0.07269461476309087,0.05983785119936872,0.03718693684560748,0.06623623044826232
49,PAYA LEBAR EAST,0.1576506974465652,0.10811201991556427,0.1404492234112976,0.009080100719765187,0.01093587522704786,0.008198717089014408
50,PLAB,0.1467970666580754,0.09328461928110028,0.10133830984799096,0.05231927442238449,0.07263115324688325,0.05288873272685888
51,LORONG HALUS,0.0,0.0,0.0,0.00428046633841398,0.0042315690449874046,0.0
52,MARITIME SQUARE,0.4736278600610628,0.18162213808609648,0.5104543180238035,0.46555566213288574,0.1993628883599808,0.49741482871710907
53,BOULEVARD,0.44959928372203595,0.21316210120091095,0.47972839919219046,0.4993912140719858,0.21882471144444166,0.5098923075343498
54,BALESTIER,0.3688962799950488,0.16164340646144695,0.3652104422022601,0.38942676447337,0.21857741640713838,0.38275185157376695
55,TIONG BAHRU STATION,0.24075073023593388,0.0724571540338822,0.24588227688549003,0.32992687372508966,0.10526900122815595,0.34465037967119894
56,BENDEMEER,0.39172356409495374,0.23197088549061284,0.39164920552481436,0.34925247399455545,0.1792612319347246,0.3449608906984364
57,ALEXANDRA HILL,0.3057976762334836,0.08815229879585953,0.33803726152990654,0.3385397250076629,0.10385934835134994,0.3495583983445434
58,LAVENDER,0.3624602609732352,0.20089749400538345,0.3540602286733215,0.39530799164985797,0.23673703453084774,0.3974047622903079
59,MOULMEIN,0.3368514768645782,0.15619422573540084,0.3299657125768942,0.3664971145095927,0.18353013970279608,0.36503559956581194
60,CHINATOWN,0.306049385599912,0.11960721063148275,0.29949474877802224,0.35988257495262066,0.18479988917274323,0.3749347524908624
61,FARRER PARK,0.3116412351209384,0.19595849254577688,0.320704691014382,0.4095847731180609,0.19987973967989925,0.4188445236135634
62,BUKIT MERAH,0.2963947923999797,0.08615124629630096,0.32632123312038047,0.2654778295176276,0.08361817170727699,0.27830731928892677
63,SOMERSET,0.3945729709410912,0.1811266356119217,0.38730062254956404,0.4069907354271246,0.19146125647741266,0.417821889429801
64,TELOK BLANGAH DRIVE,0.19182293262873235,0.06310155021798729,0.2193155430043791,0.3026562261733984,0.09217233052913176,0.31823012710408927
65,BUGIS,0.32558433433684586,0.14741989802846323,0.3344450166407012,0.4002144297125555,0.22921885005894746,0.40103329110312
66,CITY HALL,0.376322449321121,0.18417208180679936,0.39264760919021285,0.390237967554449,0.20334122732746904,0.397254639236792
67,VICTORIA,0.44297958333519705,0.2575344013170831,0.42302930295281865,0.33655590129754004,0.17889227629339535,0.34077034333494494
68,KALLANG BAHRU,0.27142423704348434,0.14655907226366588,0.2865859353184102,0.3558429900152643,0.2132027962414954,0.34476595634853313
69,DHOBY GHAUT,0.375060907998726,0.17209576840210813,0.39611779535327923,0.3693236278947087,0.1592013157258918,0.37970948557289386
70,REDHILL,0.2172331485255845,0.06826889764977254,0.22558039110717273,0.3195669917171017,0.10753641578288331,0.33503067518758173
71,BOON KENG,0.2348202361237951,0.15069101702656398,0.23247401124546183,0.26886073608579386,0.1452572493594562,0.2688820805339239
72,GEYLANG BAHRU,0.2756599655419272,0.133817787048469,0.2699390951440022,0.32110743096605887,0.20358912788032751,0.31103121570165626
73,HENDERSON HILL,0.16466143718570056,0.05029291557827625,0.16431541761903526,0.227137982610396,0.0670487404212392,0.23587923934766333
74,MEI CHIN,0.2097034886613239,0.06452449950908133,0.23922755634912476,0.33803543883212783,0.10988348274369568,0.35208868016409406
75,PEOPLE'S PARK,0.26779832122022207,0.16019195180658657,0.30201893649685063,0.2495304529189125,0.0786337152854039,0.25683261057627693
76,CRAWFORD,0.2790413442392913,0.13793666968683654,0.29203920697011954,0.3077120626507766,0.16703483877799197,0.3101548279152561
77,TANGLIN HALT,0.30994283854197296,0.08315499248945019,0.35255225880841784,0.21593368025330362,0.05941878126538339,0.23036443885124094
78,BRAS BASAH,0.3396333350611993,0.16568150842666635,0.34808773803859355,0.3188830946430646,0.13683912961151165,0.3257053184957799
79,TELOK BLANGAH RISE,0.10140190617511464,0.02945020356249905,0.10529875549220215,0.15610337198569318,0.047696716905173055,0.16227358154141608
80,NEWTON CIRCUS,0.34401057087215486,0.13771468309756582,0.3338135507717105,0.33063671525892335,0.1586719817660019,0.3471101818259542
81,KAMPONG TIONG BAHRU,0.18025248978963562,0.04816113777396845,0.19834763209043887,0.165570184853097,0.05487662613415009,0.17343626143433766
82,SINGAPORE GENERAL HOSPITAL,0.2507543357952132,0.11220639403755187,0.24670455587739631,0.23720424344848887,0.09395775691597212,0.24508539809188576
83,EVERTON PARK,0.22403654299143608,0.07984785005023623,0.24852783294007724,0.23304229809280272,0.1003089805779207,0.24426107675376763
84,KAMPONG JAVA,0.22517672704148226,0.09790417398691269,0.23267133900378945,0.27873984342009533,0.12399381193374487,0.27505297675667234
85,HOLLAND DRIVE,0.22008369162318628,0.06127584586866158,0.2297263120123393,0.294557434903433,0.07934189293694105,0.31089432594313743
86,TIONG BAHRU,0.1455613275417237,0.04326779015311785,0.15521918694831324,0.1564954352596895,0.051548939531982786,0.15980307544089747
87,MARINA CENTRE,0.3079696396726508,0.16369657664673984,0.3228046403098845,0.33250247492940616,0.18495892975113945,0.33697537541119377
88,CENTRAL SUBZONE,0.2597760302672709,0.11985886075824212,0.33919105252760046,0.33063945467836536,0.1876836102791477,0.37934769715088074
89,MALCOLM,0.27037136506692516,0.11826380834666132,0.28738669998607735,0.3324251459909801,0.14290540846960173,0.33077440636563266
90,PEARL'S HILL,0.2894819014085194,0.0975152437643726,0.27696886395019027,0.20603283034416292,0.07210118058312727,0.21213335228673683
91,COMMONWEALTH,0.2460014681027434,0.07615406806761231,0.23620995981136178,0.31000811714198784,0.09750300646680725,0.3270689225205944
92,NASSIM,0.25145979463734847,0.09637535678400093,0.24959525193840112,0.2874899353312031,0.10519829458732277,0.2983349023197933
93,TELOK BLANGAH WAY,0.1286117026677024,0.035789805689308715,0.1266141123355434,0.0,0.0,0.0
94,CHATSWORTH,0.23627157663793896,0.08122347887581907,0.23702915958287618,0.20956902897491708,0.06971854746693414,0.2124288837527872
95,MARGARET DRIVE,0.16526864393521387,0.04576401264110981,0.154796403899103,0.23628694650232673,0.06328280290624486,0.24624482319281288
96,CLARKE QUAY,0.33621012995410215,0.16892265742351653,0.3043736925352206,0.24869422087439377,0.1067848628308557,0.2553026739142601
97,CHINA SQUARE,0.19226008186825402,0.07111702605733766,0.20706370036532726,0.2564765123578204,0.15019543570570681,0.2626631134918097
98,BUKIT HO SWEE,0.1724472196608546,0.0558587182281802,0.17786152907488648,0.17835276588903914,0.059287919054379544,0.18173620633608367
99,CECIL,0.2620010394555382,0.12873686295382672,0.2829423325472948,0.2869870394048018,0.12727438433184443,0.3193425246827449
100,ROBERTSON QUAY,0.16234879645044498,0.051202137435051066,0.16839625066643793,0.20075748816745523,0.07393180044125638,0.20515805554604133
101,PASIR PANJANG 2,0.3034882711764716,0.1123194970967593,0.2793248658540029,0.2041036231803936,0.06725856038320671,0.21403035509446125
102,TYERSALL,0.2296203817184844,0.06884656657267944,0.2197393943263092,0.31610373726987806,0.1255074820001546,0.3324045790628023
103,KAMPONG BUGIS,0.19757064534242808,0.07986006886645194,0.20247047360259607,0.21939004011038776,0.1538750509254261,0.21249114249835852
104,BENCOOLEN,0.2809751793694097,0.16107206450788447,0.2737439044509289,0.23988255412347023,0.16366936177780778,0.23484171957188224
105,SUNGEI ROAD,0.20865005045226642,0.09844556714556309,0.20349900077571093,0.2408498944675585,0.1619863151359352,0.23269641503605887
106,LEEDON PARK,0.2715424768039459,0.07716434866401749,0.2716671350240516,0.2668156807358499,0.08905127647829651,0.27805160935205314
107,RAFFLES PLACE,0.26022138336501277,0.1532183826250795,0.2504518778598336,0.26295063246651706,0.1525570422264151,0.26837889932724823
108,DEPOT ROAD,0.11454127704739767,0.029410085070376964,0.12425792207584298,0.14119236902649906,0.03931245385736085,0.14440957072647126
109,BOAT QUAY,0.10428088728509093,0.030168089081191243,0.1402699995166851,0.23061372247267206,0.11639699842035439,0.23655794530029486
110,CLIFFORD PIER,0.20087302215869596,0.10103689606514764,0.20199323511675168,0.23618486659357646,0.1265511998646529,0.23956047863967198
111,DUNEARN,0.27564515414776497,0.11586730707957438,0.2559969555438045,0.2730911910502743,0.0905844015329365,0.29840991280710316
112,RIDOUT,0.18957401658176362,0.05099276959949942,0.20973866233021587,0.17905416997384094,0.06354658238212635,0.17894527802618354
113,QUEENSWAY,0.22638627674241837,0.06803250074288116,0.22683441469276322,0.2166171176976286,0.06507266299381198,0.2258823649782463
114,FARRER COURT,0.25722379010561786,0.10102095174651314,0.28178057948612295,0.20839795255226318,0.05879107770833667,0.2202229759253804
115,CITY TERMINALS,0.16621251620011318,0.0583338307151586,0.1907658983969635,0.1669843693169038,0.08082432806372047,0.17910022255633726
116,BAYFRONT SUBZONE,0.18806707461438724,0.10275467107117112,0.1985816161851086,0.17885775457332115,0.09053528826706735,0.18612784545722305
117,TANJONG PAGAR,0.2324693967006404,0.1252432107515282,0.21486043137343178,0.21177549181818744,0.13370048863204717,0.21247486318462125
118,FORT CANNING,0.1706733972266133,0.06598464664027698,0.21352906553882067,0.1377469808077342,0.04069234774571907,0.14881491969089203
119,KAMPONG GLAM,0.18530148149743061,0.1041883070468429,0.18390859211584498,0.1885347735243629,0.1123634830168562,0.19024596365690216
120,MACKENZIE,0.2991195069209614,0.10666837651844036,0.24489420306897078,0.1811940424685478,0.0992860495456435,0.17634128054242867
121,SELEGIE,0.16895338802993312,0.08003749587326053,0.17397550490922487,0.08884018265161663,0.0303436172601412,0.09353584104429831
122,ONE TREE HILL,0.18996858764394067,0.06147699115762187,0.20055981468883854,0.17577372377411468,0.06586507018272356,0.18593788942159648
123,ANSON,0.168966866765955,0.07744253895181127,0.1756624093917928,0.14531845713172117,0.0497699216764399,0.17025185882483515
124,ROCHOR CANAL,0.18272772190553008,0.11511172835379457,0.18194659110368333,0.1633815790954163,0.06838887405975311,0.16647307858966645
125,MOUNT PLEASANT,0.20770073162890487,0.09361310478134369,0.20693684934451093,0.2116278093360048,0.07881368978681004,0.21760710521602927
126,PATERSON,0.2301404645714575,0.0490830397849579,0.15406344518624554,0.1746284897948529,0.09580268042704608,0.1779314856014396
127,INSTITUTION HILL,0.08584333962792323,0.022935795303704907,0.09222676711360726,0.0971776903566705,0.038148983551968996,0.09728158404715323
128,GOODWOOD PARK,0.12187318750576981,0.04461589760649045,0.14673949789202498,0.12440790279134817,0.04917011863724187,0.12693457099473435
129,LEONIE HILL,0.10190662625709764,0.030748293080172004,0.10077881896769583,0.1451355288699669,0.05412438633602358,0.14587733872828268
130,ALEXANDRA NORTH,0.09585415569134648,0.026651544599428662,0.08229948658715612,0.13575496628309533,0.03644632410670212,0.13737076701566925
131,LITTLE INDIA,0.13589508600643693,0.07900230801917837,0.13516177577029975,0.16846445021667752,0.07700910936670939,0.1669251734000281
132,SENTOSA,0.0,0.0,0.0,0.0,0.0,0.0
133,OXLEY,0.10059602883101734,0.03682608465635835,0.09245219811069817,0.09408113782214979,0.030412216914406445,0.09704379754128807
134,MAXWELL,0.0,0.0,0.0,0.09908358136014676,0.050777516928604785,0.10440040513366493
135,TANGLIN,0.08557305003756813,0.035354065137699724,0.07671621891400339,0.11429110690428237,0.04565416293653446,0.11065562690788251
136,ORANGE GROVE,0.07876906683880745,0.028372920719393038,0.1171898357922155,0.03623258969742732,0.016608437622239396,0.03780840961378727
137,PHILLIP,0.0,0.0,0.0,0.03122150138412492,0.007877543076798946,0.035457867686981684
138,MARINA SOUTH,0.0,0.0,0.0,0.0,0.0,0.0
139,MONK'S HILL,0.07207792026164796,0.02320390437683976,0.08465334270114219,0.0846813676430987,0.04426515884690007,0.08547590397264494
140,STRAITS VIEW,0.05599276893076307,0.028859087910449204,0.10954100432102365,0.07489669762688284,0.0431957912935202,0.16170830267117303
141,ISTANA NEGARA,0.09971659268677217,0.04191889114688948,0.06747552905308721,0.07055503805991947,0.06352880836099468,0.06682127189958124
142,SENGKANG TOWN CENTRE,0.46432796488552497,0.3248710138262797,0.4265623713621221,0.4505955454838949,0.3039494148842598,0.42000478503751315
143,SERANGOON CENTRAL,0.44346067242967735,0.22953129807696493,0.4077973360688091,0.41559476544041124,0.22113897291809667,0.3969819177249658
144,ANG MO KIO TOWN CENTRE,0.44266648543253184,0.20114795123341428,0.4190503679251045,0.38343874226931035,0.17198505872689113,0.3677584951318127
145,HOUGANG CENTRAL,0.35432354123017573,0.20693214048533828,0.3374143733690583,0.330565675121217,0.21175137902989982,0.3035956014409448
146,BISHAN EAST,0.4340165981638312,0.21443171920326176,0.4460017261226519,0.3632635554803877,0.1643945532601683,0.34601566600712397
147,RIVERVALE,0.3387846779962529,0.2081532358662483,0.31961710529873616,0.4238130566345913,0.3889065815354719,0.39220869209839165
148,HOUGANG WEST,0.3010402581485579,0.1785273755770628,0.27441269266396273,0.2966358327992825,0.18376209746576538,0.2738903839269442
149,TRAFALGAR,0.27698408967538385,0.16713241466180584,0.24972745441808647,0.3084070225232215,0.1878162941248495,0.28558963277633803
150,CHONG BOON,0.3123439300956293,0.14837421551580543,0.3181300089934563,0.2233916542487907,0.11585547172525465,0.20468073154621935
151,LORONG AH SOO,0.2826463496695017,0.15961368320291228,0.2660697017065476,0.2873828796465955,0.19870384100247587,0.2645778196811452
152,UPPER THOMSON,0.463527786375817,0.18955704632273407,0.46556798371016356,0.45578238536507887,0.19617089853325573,0.4553520633874041
153,CHENG SAN,0.3967266536243876,0.19232019471750933,0.3464545858533776,0.3297032634448695,0.18391473476236123,0.3109661575144791
154,SERANGOON GARDEN,0.26138491515893575,0.13169684888275462,0.24164593487489602,0.25169109009305113,0.14484675858954124,0.23240037114535508
155,YIO CHU KANG,0.43138060332681255,0.18973094120729464,0.41052538185289267,0.387207329279544,0.19352584408837908,0.37147912145045425
156,MARYMOUNT,0.3338802353020255,0.139004563702918,0.3070269790926363,0.33687860166636413,0.15454740702556286,0.33153200946816236
157,ANCHORVALE,0.25316504771360343,0.1731380184965671,0.23439000319545725,0.24942942955007086,0.17970950930034216,0.22852117661145133
158,SERANGOON NORTH,0.27390540881864034,0.1499320423006077,0.2576641794014173,0.2050069222591732,0.1185113695751485,0.18569270498567175
159,FERNVALE,0.32955703326738545,0.1936540646707195,0.3164737117551986,0.3711480164623005,0.22919102709001657,0.3581418526984313
160,KANGKAR,0.3108466453195516,0.21796588552299564,0.2841847275397121,0.20343816065276082,0.12659711808720436,0.18683501144291503
161,KOVAN,0.2577446905374769,0.1474685161423977,0.239404972977016,0.2666246670783768,0.15841561638080487,0.2487568696884238
162,SHANGRI-LA,0.3063395657297423,0.12594548482258255,0.31790891615213634,0.28660038037272934,0.12935943222161977,0.27283770068750013
163,HOUGANG EAST,0.18982413145304128,0.11754835271993562,0.17120697254664327,0.1623289588261272,0.1047158537807787,0.14831442972470357
164,COMPASSVALE,0.24304117753703688,0.15285217833791345,0.22168214801513886,0.20015589131945263,0.1440637029572874,0.18198692493531668
165,UPPER PAYA LEBAR,0.2603233823834296,0.18410706514985534,0.274784840856682,0.23429573883031454,0.13709279263480617,0.21730750408061722
166,TAI SENG,0.2444098334727464,0.1497693679458372,0.21781862746380368,0.23592768407269032,0.15350078430192649,0.21906982955402657
167,KEBUN BAHRU,0.24397139301495052,0.10904844773461606,0.21557330441468744,0.21134068910651418,0.08706902302791943,0.20174237600250242
168,TOWNSVILLE,0.37354830309376824,0.1519091975096561,0.31906064197611955,0.22987892719491373,0.12004392984000567,0.21716707777102764
169,YIO CHU KANG WEST,0.2746717269634798,0.1199626039581825,0.2562038667314075,0.22984158515316763,0.09936845226731156,0.2193784161048065
170,SELETAR HILLS,0.20230368660740677,0.1133443677395464,0.21794493772090115,0.16848153702931015,0.09183671338664277,0.15624709230820696
171,YIO CHU KANG EAST,0.21239109831074043,0.1414807378017972,0.2183648412456524,0.14735050938587924,0.0650265603286138,0.13767314855470453
172,TAGORE,0.26046172948740676,0.12399550535713968,0.2708905787681752,0.2845870750016822,0.12156538674787805,0.28901436246134454
173,CENTRAL WATER CATCHMENT,0.3190229542214973,0.11843079717457523,0.3339028964914753,0.3490782588881844,0.13712294996306773,0.36148325561346617
174,SERANGOON NORTH IND ESTATE,0.13913332819606253,0.06783326639799422,0.12534565176511606,0.10825716792759058,0.06172577377464798,0.09694627024200933
175,SEMBAWANG HILLS,0.24728692210250106,0.09836953397736098,0.2683834979569505,0.21698832573026786,0.10040564608267658,0.20884951464880014
176,LORONG CHUAN,0.21066107194461736,0.1069149800899723,0.2105548163146606,0.21054045798662227,0.11896988089663038,0.20531049098084583
177,YIO CHU KANG NORTH,0.20354749807110628,0.10974622092134892,0.18492623508475836,0.23017720173697537,0.13493169747881079,0.21231311510222436
178,NEE SOON,0.1973313821619692,0.10692213365076944,0.19576944540899222,0.1691568568063061,0.0743894401120044,0.17233641382057333
179,SENGKANG WEST,0.09403483054309078,0.05748241845996976,0.08903706966484458,0.09762336001942731,0.04988978020317563,0.09178729965380009
180,JURONG GATEWAY,0.5428506261913703,0.19097629852603695,0.5459373610202727,0.5169963949412647,0.1864789737848232,0.529775264337194
181,CLEMENTI CENTRAL,0.48923099530914116,0.135468311205306,0.4866303676997086,0.44034493865593227,0.12435145024729158,0.45483970553720876
182,JELEBU,0.604860766971261,0.2035711316820311,0.6138827023134925,0.5848551926034965,0.22385160674609697,0.5911011428582276
183,BUKIT BATOK CENTRAL,0.441797253586913,0.12535646646398851,0.4329261644513427,0.4286167664978475,0.1379149763650636,0.4244465426977256
184,CLEMENTI NORTH,0.3777593570366423,0.11708564744017984,0.3793405968551003,0.38860062883486235,0.13240555464112258,0.39210330987961683
185,ANAK BUKIT,0.4844301435570925,0.16533120295099638,0.47674252804623124,0.40684159455772995,0.12882624232740472,0.4127451919412984
186,YUHUA WEST,0.3722046527741124,0.14589606671580935,0.3659656440976366,0.2782157877514421,0.11746213578668528,0.2763064603021453
187,YUHUA EAST,0.3214626789455751,0.11579812671096432,0.32382568665612993,0.3166171341947374,0.1226054816031292,0.31395717255149314
188,ONE NORTH,0.3761071829227509,0.12673121880089283,0.4192964351805422,0.38198039804947354,0.13335145475790866,0.39847135043582
189,TEBAN GARDENS,0.29029046232691397,0.09981729799103446,0.3116255197943279,0.26830028101813813,0.10257922938374199,0.2709299221359723
190,BANGKIT,0.39148968030197095,0.16140649871803223,0.37893805965247723,0.4036025284496777,0.1830893675395306,0.4020530516344604
191,SENJA,0.21935223685093028,0.07874877148370057,0.23472744599998216,0.38013798038965263,0.13350896445499025,0.37201731109338043
192,CLEMENTI WOODS,0.2960812217474714,0.08617140281292687,0.29378095929912573,0.241093390244149,0.07376101232103484,0.24289192500987547
193,TOH GUAN,0.2938882274133973,0.09476167018687681,0.2931759102550279,0.28958737685298547,0.09904720682870086,0.2848315757893097
194,HOLLAND ROAD,0.3103744386254057,0.09626431523345458,0.30744189085525814,0.3754053179576818,0.13100754971809705,0.3828603479644082
195,BUKIT BATOK SOUTH,0.20584274738511904,0.0680467320358534,0.20275495525722992,0.2487869800578022,0.08548430172353576,0.23972458635625898
196,CLEMENTI WEST,0.20311228486684915,0.0585702518874074,0.21649799745148451,0.2259826143181137,0.07692704076901449,0.2272239227304235
197,JOO KOON,0.4100176008904426,0.15698489234531143,0.49491127478104163,0.3824111076113621,0.1607255865348952,0.48612417890726733
198,DOVER,0.19603248722825276,0.05016734186828649,0.2085064113527549,0.2537213565166326,0.07190789000255106,0.26048203048476903
199,HONG KAH NORTH,0.34195292078385847,0.10330320990715267,0.3156634770111062,0.2782075855339186,0.08866775557890759,0.27407371440325917
200,GUILIN,0.30287297729776547,0.09681997980511874,0.3264694036848649,0.3621284720064501,0.11380466813937723,0.34906938500563595
201,BRICKWORKS,0.3029365064792993,0.09523157007985952,0.30313524347956483,0.19171292362241973,0.06816578090286808,0.1902396195547736
202,BUKIT BATOK WEST,0.29619185981128976,0.09880252359498451,0.3063903840753294,0.24240617882468818,0.08138658527389223,0.23860781429816738
203,TOH TUCK,0.0951893916767909,0.0297558382015173,0.09845782420151221,0.1462597034050155,0.05149445131733634,0.14153685304995436
204,HILLVIEW,0.28212819946903556,0.09190429187377024,0.2911653065274636,0.23305591470365597,0.0721751657703616,0.23374868460912382
205,SWISS CLUB,0.30287339224481136,0.10651927972444551,0.3719480579120868,0.2891706066643808,0.09847858859443107,0.2870513621109581
206,BUKIT BATOK EAST,0.2747811170650397,0.08419713486280532,0.25445620574154726,0.2400466899463407,0.08446540793388914,0.2376696072819174
207,PASIR PANJANG 1,0.3262928891760315,0.11088504515765142,0.341353510128449,0.2617730505367067,0.0948947994313568,0.2683821173299007
208,NATIONAL UNIVERSITY OF S'PORE,0.2732267348939136,0.09576795025563876,0.268921351599628,0.2445759478659804,0.09150125757305685,0.2473572066425295
209,FAJAR,0.17426036536130324,0.05839555041593695,0.17309791707860453,0.21867571801869823,0.07512432364889923,0.21738407136259166
210,LAKESIDE,0.2464187083268101,0.09617855585694308,0.28535216899478166,0.30426132224237373,0.12965968613491985,0.3102677592624924
211,SINGAPORE POLYTECHNIC,0.30564208746645943,0.09534086256560637,0.2863296420339106,0.2511775915441889,0.08974696481011225,0.254934659367664
212,SAUJANA,0.1794634654391018,0.06356494940500869,0.17653104978264378,0.16367611773995533,0.05567266438285641,0.16218618532261408
213,GOMBAK,0.4392322038932345,0.17112580966338883,0.38694275533911254,0.3065705309724801,0.13007123524494832,0.305719714317978
214,GHIM MOH,0.22616042334966832,0.05459571417181811,0.2427064066676761,0.2346841527323747,0.06241010290031547,0.24708969938090025
215,CORONATION ROAD,0.2624433730385454,0.08642903356516876,0.25309946787804327,0.29802132296802675,0.11969199039288274,0.3109966062375809
216,HILLCREST,0.23925106124079826,0.09313353447428853,0.2492364506859669,0.24151094808864873,0.07798917060535682,0.2627510026853453
217,FABER,0.20218420082114236,0.06445167396729722,0.19484355228577896,0.14814927870709696,0.048964034456274466,0.1463747022216708
218,DAIRY FARM,0.22098513815299659,0.08196187865500741,0.23313899893124743,0.17141252310278776,0.07177228124905351,0.17104448285860263
219,NATURE RESERVE,0.21751683270880104,0.06666029228584038,0.22024124342796883,0.24239443939661362,0.0941363747443983,0.24745373419680958
220,PORT,0.20614712375018251,0.062269824482817746,0.21295433276002296,0.1928322450705994,0.10401600486344505,0.2024149281036787
221,ULU PANDAN,0.05015882646277679,0.012812443242908126,0.05719854839051221,0.24969864703133635,0.0695334965430119,0.26556518403177126
222,WEST COAST,0.12495222744040232,0.04298868145761198,0.1679385319794923,0.14393507704297223,0.05038745661826207,0.14381895746893933
223,JURONG RIVER,0.10390402593742881,0.03854340751283245,0.09744732946138275,0.15698317446683546,0.07705392135016174,0.15896905735534717
224,PENJURU CRESCENT,0.07115471923063833,0.022809792329118596,0.07181055103618686,0.0,0.0,0.0
225,KENT RIDGE,0.151958182758365,0.03885535308325892,0.15341241611363515,0.18258798761717737,0.05289694412465041,0.197447778551033
226,PANDAN,0.09604245006306997,0.02928408487991429,0.08961858792459482,0.1346638084945467,0.042250370921549145,0.13576165800913778
227,SUNSET WAY,0.15885153079703687,0.049510704152775496,0.1633132076759784,0.16233912024789487,0.048683400737566884,0.16443996963118238
228,GUL CIRCLE,0.13173717987483025,0.03928207850196784,0.14032056138344304,0.13154827134814134,0.04696111643649356,0.15592419309240318
229,INTERNATIONAL BUSINESS PARK,0.19086073467742917,0.06008979574658576,0.18671276526383593,0.13513444436829353,0.04880293538937466,0.1360358716659569
230,TENGAH,0.1689387879104336,0.06181457608470808,0.20466095665313802,0.1837528579719767,0.07874128319838966,0.1758958809899773
231,GUL BASIN,0.0,0.0,0.0,0.0,0.0,0.0
232,BENOI SECTOR,0.1828853548980071,0.08253065382010652,0.20214780202410407,0.13704798245753774,0.058076996128629606,0.16052577174512275
233,PIONEER SECTOR,0.0,0.0,0.0,0.0,0.0,0.0
234,MANDAI WEST,0.11727839859380397,0.06159750386258271,0.10080955493462204,0.07968453113502441,0.030512031023362043,0.08009150279638179
235,WOODLANDS REGIONAL CENTRE,0.6745677061500275,0.4034528278254619,0.6285374749305239,0.6721861644739131,0.43400955649483663,0.6585247607412792
236,WOODLANDS EAST,0.48019988544322745,0.30158451934414365,0.48274073665831374,0.5147671646477683,0.34909321278938615,0.48206540190761804
237,NORTH COAST,0.3239025057100773,0.1877610436702786,0.32691130126467904,0.3394973982996436,0.22091328301255433,0.3292351607571484
238,WOODLANDS WEST,0.31722449345636206,0.21364457700274653,0.37381696342549964,0.4610763240824866,0.28606366776805875,0.4506840926502834
239,SEMBAWANG CENTRAL,0.4737497418972277,0.22841622872674452,0.48128842921970827,0.4461827293973814,0.20494302708999326,0.46646353772604393
240,MIDVIEW,0.2720970505213782,0.1900979964366187,0.25219643969639294,0.20762180019155582,0.152140477261174,0.1942495870608184
241,WOODLANDS SOUTH,0.2583025139661282,0.1861936733247692,0.22512926652548645,0.0,0.0,0.0
242,SEMBAWANG NORTH,0.20696442736268325,0.09902916300026787,0.21410590619444164,0.26687205838823763,0.14074568301591203,0.260395692676506
243,TURF CLUB,0.31573072900207777,0.14910417858483196,0.3242460679830982,0.2691052606643323,0.14461576796840744,0.2684617988107519
244,WOODGROVE,0.37928524968675265,0.21587391597560598,0.306334429769881,0.2553706436742989,0.20319360210718843,0.23673828940611621
245,ADMIRALTY,0.26267320020544654,0.13448555043389057,0.2995857798179058,0.27867139117175427,0.12830166107507227,0.28924845753379014
246,GALI BATU,0.3487103984051058,0.1449420475831664,0.36435130797670984,0.3357477490095466,0.13234902691846762,0.3430775567026324
247,SENOKO SOUTH,0.21095407791019374,0.13671218092650728,0.1926773868050648,0.2126605305380999,0.1386252335789467,0.2037657909302287
248,SENOKO NORTH,0.2395789825297654,0.1220623808936222,0.25583691296468297,0.17882486468169065,0.1061803289814374,0.17202997635958817
249,KRANJI,0.17700171758552244,0.09425920044631751,0.19115618590873412,0.27111769972043603,0.1158431032770717,0.2909914851315518
250,SENOKO WEST,0.2401956937425158,0.1286857951657079,0.22768319900776307,0.16209836907562453,0.11455303263397874,0.15368291634310158
251,SEMBAWANG SPRINGS,0.28519742646529744,0.13709548804944788,0.2713653153655391,0.2821716643482256,0.15240915726744575,0.28406325910916685
252,SEMBAWANG EAST,0.24682080891138505,0.12408837537245564,0.25701468193138116,0.24555222223708817,0.12987378375196704,0.2488559404512152
253,GREENWOOD PARK,0.14521815649466946,0.09570612031601351,0.14383905225473612,0.03157032708728413,0.025893152341682157,0.028364137830621534
254,MANDAI EAST,0.17700736435897924,0.09032715505639366,0.15699749789203807,0.23210614506776434,0.15229475802306167,0.24542204265757336
255,RESERVOIR VIEW,0.14243936214508238,0.06331829980637188,0.1453896228147353,0.14163317061057165,0.07304131845337992,0.14053063413849065
256,PANG SUA,0.13491575677652543,0.04963984519352471,0.1306463390251047,0.12608351429010822,0.05901915181088439,0.1256002167363923
257,SEMBAWANG STRAITS,0.10388694555913981,0.04301112539844711,0.10243644885787374,0.0,0.0,0.0
258,THE WHARVES,0.17640345677014252,0.08163998524350112,0.11538757966780737,0.0,0.0,0.0
259,JURONG WEST CENTRAL,0.6439756655766382,0.3050094920590997,0.6665065873289348,0.6155017894599402,0.288729310617783,0.640643606845492
260,HONG KAH,0.4159976205360135,0.17292797474072708,0.41941071702234417,0.39921929153315966,0.1826305729198427,0.4011118546391584
261,YUNNAN,0.3491285181441593,0.18708247891220914,0.35016296968085925,0.3241396322814881,0.19923325208033912,0.3250548710107478
262,TAMAN JURONG,0.39580334506564696,0.17279972614832143,0.4179699121636703,0.3632018448346098,0.17257467443391117,0.36870035245573046
263,BOON LAY PLACE,0.26766270144510035,0.13236263190623232,0.2680458773229632,0.2757256781715553,0.14329923420222182,0.2749199756590001
264,WESTERN WATER CATCHMENT,0.32787368136840417,0.16866156540498167,0.3289876763554432,0.19253563473064517,0.11096139321850979,0.18786829512072106
265,WENYA,0.1214612777592923,0.06709671368613619,0.11778786982810778,0.24566804549293444,0.13229073539334943,0.23931867015057384
266,KIAN TECK,0.19804040959430358,0.10388779044364517,0.2379072535840618,0.23732874018284467,0.14029507550075052,0.2471633528722168
267,CHIN BEE,0.08821533461465422,0.04835898134460271,0.09843010321826658,0.1574746377514463,0.08580579105666969,0.16043376942516357
268,LIU FANG,0.08453675086598816,0.04583390899380518,0.0880460467361224,0.13743997469144967,0.085828264082369,0.1419925349930649
269,TUKANG,0.12303306314794361,0.06334294743828112,0.14539438067734217,0.1714082945441278,0.09760808020928609,0.1800054989905289
270,JURONG PORT,0.09887777578301198,0.04253309779848182,0.11726062171549344,0.108655724561484,0.043180063040933345,0.10980713450144013
271,SAMULUN,0.0,0.0,0.0,0.0,0.0,0.0
272,SHIPYARD,0.08043771282957257,0.04560110474662961,0.0734197994779017,0.11504689524790256,0.07117013031648407,0.13224256736628062
273,SAFTI,0.0753887436065898,0.04285013062291439,0.05282140708545108,0.0,0.0,0.0
274,YISHUN CENTRAL,0.6690307053793286,0.3997388522352131,0.6573064605117527,0.6279989059193558,0.3503429481043804,0.6012301169576467
275,YISHUN WEST,0.6156017032407199,0.3551329234568601,0.5947149402616251,0.626364984089573,0.4383186051171477,0.6297345928181236
276,KHATIB,0.3734830619049445,0.21060994856223397,0.43604849881757635,0.5864783292813659,0.4059773046466202,0.556180508053213
277,YISHUN EAST,0.24246076427640792,0.14201200762167232,0.2252379065480926,0.26550536709876826,0.1735560711074744,0.2509362543696855
278,YISHUN SOUTH,0.5016335581885923,0.3278651623932839,0.44465921507120276,0.3056408116383348,0.18440826574363253,0.30206143450953443
279,NORTHLAND,0.21451887554379767,0.13083370736609973,0.2015842670894354,0.287184332791827,0.1849937228571485,0.2718328589531235
280,LOWER SELETAR,0.16965640626679834,0.10303228027403426,0.15563975476812192,0.22720301557873113,0.14464924417637245,0.2181636102480954
281,SPRINGLEAF,0.16478712240399476,0.06571092538884213,0.18376590440890014,0.20958456272163956,0.148124748552955,0.20855818403106638
282,MANDAI ESTATE,0.13353259313857183,0.07871430222067388,0.11441170901562261,0.13697166508234668,0.05182437381580146,0.14808613349343927
283,CHOA CHU KANG CENTRAL,0.6134705625087508,0.19355889991013897,0.5964749144649621,0.5706180038561167,0.20020905031774872,0.565437144059453
284,TECK WHYE,0.45370704019978686,0.16211286254145757,0.4329866704101189,0.3586584221574052,0.13377570122349539,0.34943424526780603
285,KEAT HONG,0.34781997352207794,0.12407292742155884,0.3709638360810584,0.3486983828962439,0.13152525249584027,0.33371264388889255
286,PENG SIANG,0.35442963321610244,0.12273278335655381,0.3284962446359666,0.27581886906693176,0.09759888520081257,0.2659552344792015
287,CHOA CHU KANG NORTH,0.3281120321931348,0.10320865328442658,0.30505259017177716,0.13248445194271397,0.043230117801014205,0.12906753915408267
288,YEW TEE,0.35067898490012367,0.12286550557342094,0.35483814191460383,0.36125396587970016,0.12760991877925795,0.34343386251711094
289,LIM CHU KANG,0.15775792280201126,0.05995841218863713,0.10160605138195145,0.10369007816760772,0.049590086607432235,0.10226779390605116
290,MATILDA,0.4706995392297319,0.3320087268476884,0.46875864179843324,0.4742601991274762,0.3698166495833353,0.45872473274375536
291,PUNGGOL FIELD,0.3929088955016141,0.34529229103129333,0.35700412007182064,0.4321407411927401,0.2927683190426432,0.4064623929586847
292,WATERWAY EAST,0.2167409767173394,0.1430945833298851,0.22178824623889262,0.22118694647981083,0.14921871683923119,0.21413989727260405
293,SELETAR,0.3038834205995214,0.2229760353151097,0.29623005927955537,0.3167483874195675,0.2601129017282103,0.308724731862269
294,PUNGGOL TOWN CENTRE,0.14158790066517166,0.09644345835693395,0.1349049368596742,0.1525909892467885,0.10407594386491006,0.15103958605007015
295,SELETAR AEROSPACE PARK,0.19483502575702819,0.10894846755912947,0.19299952467308065,0.20661471541267,0.12406341507102175,0.19976288742929943
296,NORTHSHORE,0.07536351923517043,0.04983655514892755,0.06747436441270631,0.07487638499809689,0.05541392846207935,0.07518599387620353
297,TUAS BAY,0.14301255169224272,0.03506255841367175,0.2585734302197457,0.15377295360737808,0.040901837648996534,0.2552691217970404
298,TUAS VIEW,0.0,0.0,0.0,0.0,0.0,0.0
299,TUAS PROMENADE,0.13985964380029864,0.03345942173499757,0.19990917523616084,0.13746677791958617,0.04113338840845301,0.23329397706251126
300,TUAS NORTH,0.21990039740261982,0.0866446688755184,0.28148148695523195,0.21673873878494768,0.09932386156719508,0.29647783493562446
301,TUAS VIEW EXTENSION,0.0,0.0,0.0,0.0,0.0,0.0
302,TENGEH,0.0,0.0,0.0,0.0,0.0,0.0
